,image_pair_1,image_pair_2,cosine_similarity,numerosity,area_bin
0,stimulus_143.png,stimulus_152.png,0.94953555,1.0,0.0
1,stimulus_143.png,stimulus_194.png,0.96271217,1.0,0.0
2,stimulus_152.png,stimulus_194.png,0.89367175,1.0,0.0
3,stimulus_332.png,stimulus_341.png,0.94958353,1.0,1.0
4,stimulus_332.png,stimulus_392.png,0.95620036,1.0,1.0
5,stimulus_341.png,stimulus_392.png,0.9802831,1.0,1.0
6,stimulus_431.png,stimulus_491.png,0.96829975,1.0,2.0
7,stimulus_431.png,stimulus_551.png,0.9569244,1.0,2.0
8,stimulus_491.png,stimulus_551.png,0.9742107,1.0,2.0
9,stimulus_652.png,stimulus_673.png,0.9759375,1.0,3.0
10,stimulus_652.png,stimulus_764.png,0.9759375,1.0,3.0
11,stimulus_673.png,stimulus_764.png,1.0,1.0,3.0
12,stimulus_893.png,stimulus_908.png,0.9745647,1.0,4.0
13,stimulus_893.png,stimulus_998.png,0.96282214,1.0,4.0
14,stimulus_908.png,stimulus_998.png,0.96658844,1.0,4.0
15,stimulus_971.png,stimulus_988.png,0.907396,1.0,5.0
16,stimulus_971.png,stimulus_1060.png,0.8991029,1.0,5.0
17,stimulus_988.png,stimulus_1060.png,0.98227954,1.0,5.0
18,stimulus_1116.png,stimulus_1129.png,0.94796914,1.0,6.0
19,stimulus_1116.png,stimulus_1148.png,0.974463,1.0,6.0
20,stimulus_1129.png,stimulus_1148.png,0.97988415,1.0,6.0
21,stimulus_1200.png,stimulus_1234.png,0.98349917,1.0,7.0
22,stimulus_1200.png,stimulus_1417.png,0.9711837,1.0,7.0
23,stimulus_1234.png,stimulus_1417.png,0.9617543,1.0,7.0
24,stimulus_1501.png,stimulus_1556.png,0.9663382,1.0,8.0
25,stimulus_1501.png,stimulus_1566.png,0.9506303,1.0,8.0
26,stimulus_1556.png,stimulus_1566.png,0.96503687,1.0,8.0
27,stimulus_1702.png,stimulus_1713.png,0.9037206,2.0,0.0
28,stimulus_1702.png,stimulus_1797.png,0.9436172,2.0,0.0
29,stimulus_1713.png,stimulus_1797.png,0.95060176,2.0,0.0
30,stimulus_1856.png,stimulus_1864.png,0.96391493,2.0,1.0
31,stimulus_1856.png,stimulus_1931.png,0.96528417,2.0,1.0
32,stimulus_1864.png,stimulus_1931.png,0.9776682,2.0,1.0
33,stimulus_2008.png,stimulus_2074.png,0.95476866,2.0,2.0
34,stimulus_2008.png,stimulus_2186.png,0.97163117,2.0,2.0
35,stimulus_2074.png,stimulus_2186.png,0.97578025,2.0,2.0
36,stimulus_2247.png,stimulus_2291.png,0.89905506,2.0,3.0
37,stimulus_2247.png,stimulus_2306.png,0.91069835,2.0,3.0
38,stimulus_2291.png,stimulus_2306.png,0.98650753,2.0,3.0
39,stimulus_2449.png,stimulus_2472.png,0.9616866,2.0,4.0
40,stimulus_2449.png,stimulus_2505.png,0.93665385,2.0,4.0
41,stimulus_2472.png,stimulus_2505.png,0.97368425,2.0,4.0
42,stimulus_2419.png,stimulus_2442.png,0.81159043,2.0,5.0
43,stimulus_2419.png,stimulus_2481.png,0.78341496,2.0,5.0
44,stimulus_2442.png,stimulus_2481.png,0.97150457,2.0,5.0
45,stimulus_2602.png,stimulus_2731.png,0.91407824,2.0,6.0
46,stimulus_2602.png,stimulus_2777.png,0.95029557,2.0,6.0
47,stimulus_2731.png,stimulus_2777.png,0.92754525,2.0,6.0
48,stimulus_2813.png,stimulus_2817.png,0.9160905,2.0,7.0
49,stimulus_2813.png,stimulus_2895.png,0.86488307,2.0,7.0
50,stimulus_2817.png,stimulus_2895.png,0.9124074,2.0,7.0
51,stimulus_3051.png,stimulus_3107.png,0.92911536,2.0,8.0
52,stimulus_3051.png,stimulus_3152.png,0.92588574,2.0,8.0
53,stimulus_3107.png,stimulus_3152.png,0.97452784,2.0,8.0
54,stimulus_3216.png,stimulus_3247.png,0.9408232,3.0,0.0
55,stimulus_3216.png,stimulus_3335.png,0.9411292,3.0,0.0
56,stimulus_3247.png,stimulus_3335.png,0.9147571,3.0,0.0
57,stimulus_3418.png,stimulus_3443.png,0.9487754,3.0,1.0
58,stimulus_3418.png,stimulus_3592.png,0.9813164,3.0,1.0
59,stimulus_3443.png,stimulus_3592.png,0.9674023,3.0,1.0
60,stimulus_3608.png,stimulus_3669.png,0.9716871,3.0,2.0
61,stimulus_3608.png,stimulus_3726.png,0.9823144,3.0,2.0
62,stimulus_3669.png,stimulus_3726.png,0.9776691,3.0,2.0
63,stimulus_3831.png,stimulus_3894.png,0.94012594,3.0,3.0
64,stimulus_3831.png,stimulus_3963.png,0.94985455,3.0,3.0
65,stimulus_3894.png,stimulus_3963.png,0.9776739,3.0,3.0
66,stimulus_4008.png,stimulus_4013.png,0.94640476,3.0,4.0
67,stimulus_4008.png,stimulus_4029.png,0.99431366,3.0,4.0
68,stimulus_4013.png,stimulus_4029.png,0.94820684,3.0,4.0
69,stimulus_4078.png,stimulus_4199.png,0.82545286,3.0,5.0
70,stimulus_4078.png,stimulus_4343.png,0.67640847,3.0,5.0
71,stimulus_4199.png,stimulus_4343.png,0.8846049,3.0,5.0
72,stimulus_4286.png,stimulus_4355.png,0.8278208,3.0,6.0
73,stimulus_4286.png,stimulus_4384.png,0.7842748,3.0,6.0
74,stimulus_4355.png,stimulus_4384.png,0.9749095,3.0,6.0
75,stimulus_4481.png,stimulus_4491.png,0.95720255,3.0,7.0
76,stimulus_4481.png,stimulus_4548.png,0.9799754,3.0,7.0
77,stimulus_4491.png,stimulus_4548.png,0.96749306,3.0,7.0
78,stimulus_4621.png,stimulus_4681.png,0.98696494,3.0,8.0
79,stimulus_4621.png,stimulus_4746.png,0.8927529,3.0,8.0
80,stimulus_4681.png,stimulus_4746.png,0.91063064,3.0,8.0
81,stimulus_4834.png,stimulus_4905.png,0.940732,4.0,0.0
82,stimulus_4834.png,stimulus_4965.png,0.8797694,4.0,0.0
83,stimulus_4905.png,stimulus_4965.png,0.93434876,4.0,0.0
84,stimulus_5026.png,stimulus_5059.png,0.93554795,4.0,1.0
85,stimulus_5026.png,stimulus_5165.png,0.9893653,4.0,1.0
86,stimulus_5059.png,stimulus_5165.png,0.9368918,4.0,1.0
87,stimulus_5286.png,stimulus_5352.png,0.88475955,4.0,2.0
88,stimulus_5286.png,stimulus_5358.png,0.9768173,4.0,2.0
89,stimulus_5352.png,stimulus_5358.png,0.9225903,4.0,2.0
90,stimulus_5413.png,stimulus_5468.png,0.968301,4.0,3.0
91,stimulus_5413.png,stimulus_5590.png,0.9230671,4.0,3.0
92,stimulus_5468.png,stimulus_5590.png,0.9264016,4.0,3.0
93,stimulus_5674.png,stimulus_5725.png,0.97813165,4.0,4.0
94,stimulus_5674.png,stimulus_5758.png,0.9483221,4.0,4.0
95,stimulus_5725.png,stimulus_5758.png,0.9815969,4.0,4.0
96,stimulus_5631.png,stimulus_5818.png,0.96295875,4.0,5.0
97,stimulus_5631.png,stimulus_5935.png,0.9798844,4.0,5.0
98,stimulus_5818.png,stimulus_5935.png,0.98154116,4.0,5.0
99,stimulus_5966.png,stimulus_5981.png,0.9627299,4.0,6.0
100,stimulus_5966.png,stimulus_5995.png,0.90033764,4.0,6.0
101,stimulus_5981.png,stimulus_5995.png,0.8668471,4.0,6.0
102,stimulus_6007.png,stimulus_6037.png,0.921487,4.0,7.0
103,stimulus_6007.png,stimulus_6151.png,0.95935047,4.0,7.0
104,stimulus_6037.png,stimulus_6151.png,0.9350918,4.0,7.0
105,stimulus_6322.png,stimulus_6381.png,0.92927706,4.0,8.0
106,stimulus_6322.png,stimulus_6384.png,0.92662334,4.0,8.0
107,stimulus_6381.png,stimulus_6384.png,0.96362627,4.0,8.0
108,stimulus_6402.png,stimulus_6456.png,0.9606693,5.0,0.0
109,stimulus_6402.png,stimulus_6517.png,0.9601212,5.0,0.0
110,stimulus_6456.png,stimulus_6517.png,0.9547619,5.0,0.0
111,stimulus_6658.png,stimulus_6672.png,0.9701716,5.0,1.0
112,stimulus_6658.png,stimulus_6766.png,0.94453114,5.0,1.0
113,stimulus_6672.png,stimulus_6766.png,0.93670076,5.0,1.0
114,stimulus_6878.png,stimulus_6994.png,0.96060634,5.0,2.0
115,stimulus_6878.png,stimulus_6999.png,0.8897989,5.0,2.0
116,stimulus_6994.png,stimulus_6999.png,0.92460257,5.0,2.0
117,stimulus_7016.png,stimulus_7107.png,0.9675684,5.0,3.0
118,stimulus_7016.png,stimulus_7141.png,0.9615672,5.0,3.0
119,stimulus_7107.png,stimulus_7141.png,0.9707129,5.0,3.0
120,stimulus_7210.png,stimulus_7241.png,0.9625304,5.0,4.0
121,stimulus_7210.png,stimulus_7276.png,0.95900595,5.0,4.0
122,stimulus_7241.png,stimulus_7276.png,0.97355103,5.0,4.0
123,stimulus_7270.png,stimulus_7330.png,0.96790403,5.0,5.0
124,stimulus_7270.png,stimulus_7384.png,0.9902168,5.0,5.0
125,stimulus_7330.png,stimulus_7384.png,0.9619731,5.0,5.0
126,stimulus_7423.png,stimulus_7433.png,0.9457913,5.0,6.0
127,stimulus_7423.png,stimulus_7511.png,0.8667003,5.0,6.0
128,stimulus_7433.png,stimulus_7511.png,0.9392842,5.0,6.0
129,stimulus_7633.png,stimulus_7673.png,0.97295237,5.0,7.0
130,stimulus_7633.png,stimulus_7730.png,0.944466,5.0,7.0
131,stimulus_7673.png,stimulus_7730.png,0.9266069,5.0,7.0
132,stimulus_7801.png,stimulus_7810.png,0.9022869,5.0,8.0
133,stimulus_7801.png,stimulus_7913.png,0.9315535,5.0,8.0
134,stimulus_7810.png,stimulus_7913.png,0.9672049,5.0,8.0
135,stimulus_8098.png,stimulus_8116.png,0.9813345,6.0,0.0
136,stimulus_8098.png,stimulus_8188.png,0.9584472,6.0,0.0
137,stimulus_8116.png,stimulus_8188.png,0.9309195,6.0,0.0
138,stimulus_8274.png,stimulus_8301.png,0.9732983,6.0,1.0
139,stimulus_8274.png,stimulus_8304.png,0.9779086,6.0,1.0
140,stimulus_8301.png,stimulus_8304.png,0.9640213,6.0,1.0
141,stimulus_8470.png,stimulus_8522.png,0.97721815,6.0,2.0
142,stimulus_8470.png,stimulus_8526.png,0.9699565,6.0,2.0
143,stimulus_8522.png,stimulus_8526.png,0.970909,6.0,2.0
144,stimulus_8718.png,stimulus_8772.png,0.9783523,6.0,3.0
145,stimulus_8718.png,stimulus_8791.png,0.98635405,6.0,3.0
146,stimulus_8772.png,stimulus_8791.png,0.9850906,6.0,3.0
147,stimulus_8801.png,stimulus_8811.png,0.839176,6.0,4.0
148,stimulus_8801.png,stimulus_8982.png,0.9711741,6.0,4.0
149,stimulus_8811.png,stimulus_8982.png,0.87704986,6.0,4.0
150,stimulus_8935.png,stimulus_8948.png,0.98334324,6.0,5.0
151,stimulus_8935.png,stimulus_9022.png,0.91002434,6.0,5.0
152,stimulus_8948.png,stimulus_9022.png,0.9090257,6.0,5.0
153,stimulus_9043.png,stimulus_9045.png,0.9668364,6.0,6.0
154,stimulus_9043.png,stimulus_9094.png,0.94296956,6.0,6.0
155,stimulus_9045.png,stimulus_9094.png,0.9408492,6.0,6.0
156,stimulus_9236.png,stimulus_9282.png,0.9572495,6.0,7.0
157,stimulus_9236.png,stimulus_9337.png,0.97374874,6.0,7.0
158,stimulus_9282.png,stimulus_9337.png,0.9215721,6.0,7.0
159,stimulus_9423.png,stimulus_9536.png,0.9727373,6.0,8.0
160,stimulus_9423.png,stimulus_9553.png,0.90571123,6.0,8.0
161,stimulus_9536.png,stimulus_9553.png,0.8964172,6.0,8.0
162,stimulus_9603.png,stimulus_9671.png,0.97775745,7.0,0.0
163,stimulus_9603.png,stimulus_9764.png,0.96196556,7.0,0.0
164,stimulus_9671.png,stimulus_9764.png,0.95073915,7.0,0.0
165,stimulus_9814.png,stimulus_9818.png,0.9700811,7.0,1.0
166,stimulus_9814.png,stimulus_9919.png,0.95996475,7.0,1.0
167,stimulus_9818.png,stimulus_9919.png,0.9571976,7.0,1.0
168,stimulus_10080.png,stimulus_10137.png,0.9770162,7.0,2.0
169,stimulus_10080.png,stimulus_10156.png,0.96118355,7.0,2.0
170,stimulus_10137.png,stimulus_10156.png,0.9739229,7.0,2.0
171,stimulus_10259.png,stimulus_10281.png,0.9494405,7.0,3.0
172,stimulus_10259.png,stimulus_10320.png,0.9706962,7.0,3.0
173,stimulus_10281.png,stimulus_10320.png,0.93262786,7.0,3.0
174,stimulus_10440.png,stimulus_10543.png,0.9695703,7.0,4.0
175,stimulus_10440.png,stimulus_10597.png,0.96063614,7.0,4.0
176,stimulus_10543.png,stimulus_10597.png,0.98020697,7.0,4.0
177,stimulus_10453.png,stimulus_10584.png,0.9028034,7.0,5.0
178,stimulus_10453.png,stimulus_10714.png,0.8965876,7.0,5.0
179,stimulus_10584.png,stimulus_10714.png,0.98336005,7.0,5.0
180,stimulus_10637.png,stimulus_10642.png,0.9832797,7.0,6.0
181,stimulus_10637.png,stimulus_10785.png,0.95858526,7.0,6.0
182,stimulus_10642.png,stimulus_10785.png,0.97677326,7.0,6.0
183,stimulus_10826.png,stimulus_10851.png,0.96362895,7.0,7.0
184,stimulus_10826.png,stimulus_10988.png,0.9586838,7.0,7.0
185,stimulus_10851.png,stimulus_10988.png,0.93041617,7.0,7.0
186,stimulus_11023.png,stimulus_11070.png,0.97595507,7.0,8.0
187,stimulus_11023.png,stimulus_11073.png,0.97721803,7.0,8.0
188,stimulus_11070.png,stimulus_11073.png,0.9741825,7.0,8.0
189,stimulus_11205.png,stimulus_11248.png,0.9227953,8.0,0.0
190,stimulus_11205.png,stimulus_11381.png,0.95557064,8.0,0.0
191,stimulus_11248.png,stimulus_11381.png,0.94397825,8.0,0.0
192,stimulus_11465.png,stimulus_11472.png,0.962944,8.0,1.0
193,stimulus_11465.png,stimulus_11551.png,0.97152644,8.0,1.0
194,stimulus_11472.png,stimulus_11551.png,0.9445623,8.0,1.0
195,stimulus_11662.png,stimulus_11666.png,0.9742265,8.0,2.0
196,stimulus_11662.png,stimulus_11723.png,0.9716116,8.0,2.0
197,stimulus_11666.png,stimulus_11723.png,0.9837287,8.0,2.0
198,stimulus_11811.png,stimulus_11867.png,0.96160394,8.0,3.0
199,stimulus_11811.png,stimulus_11901.png,0.9389464,8.0,3.0
200,stimulus_11867.png,stimulus_11901.png,0.94391274,8.0,3.0
201,stimulus_12026.png,stimulus_12047.png,0.9849072,8.0,4.0
202,stimulus_12026.png,stimulus_12192.png,0.98558724,8.0,4.0
203,stimulus_12047.png,stimulus_12192.png,0.99235153,8.0,4.0
204,stimulus_12158.png,stimulus_12182.png,0.9384177,8.0,5.0
205,stimulus_12158.png,stimulus_12196.png,0.97720885,8.0,5.0
206,stimulus_12182.png,stimulus_12196.png,0.90352374,8.0,5.0
207,stimulus_12242.png,stimulus_12305.png,0.9635641,8.0,6.0
208,stimulus_12242.png,stimulus_12379.png,0.9742799,8.0,6.0
209,stimulus_12305.png,stimulus_12379.png,0.9648263,8.0,6.0
210,stimulus_12440.png,stimulus_12454.png,0.91487366,8.0,7.0
211,stimulus_12440.png,stimulus_12517.png,0.9582728,8.0,7.0
212,stimulus_12454.png,stimulus_12517.png,0.9727844,8.0,7.0
213,stimulus_12601.png,stimulus_12688.png,0.94395554,8.0,8.0
214,stimulus_12601.png,stimulus_12742.png,0.96654975,8.0,8.0
215,stimulus_12688.png,stimulus_12742.png,0.95684904,8.0,8.0
216,stimulus_12811.png,stimulus_12921.png,0.9752666,9.0,0.0
217,stimulus_12811.png,stimulus_12992.png,0.9665833,9.0,0.0
218,stimulus_12921.png,stimulus_12992.png,0.96598107,9.0,0.0
219,stimulus_13025.png,stimulus_13111.png,0.94009775,9.0,1.0
220,stimulus_13025.png,stimulus_13133.png,0.956857,9.0,1.0
221,stimulus_13111.png,stimulus_13133.png,0.96406233,9.0,1.0
222,stimulus_13244.png,stimulus_13270.png,0.9246088,9.0,2.0
223,stimulus_13244.png,stimulus_13327.png,0.9664114,9.0,2.0
224,stimulus_13270.png,stimulus_13327.png,0.9536983,9.0,2.0
225,stimulus_13492.png,stimulus_13519.png,0.9829071,9.0,3.0
226,stimulus_13492.png,stimulus_13577.png,0.97546744,9.0,3.0
227,stimulus_13519.png,stimulus_13577.png,0.9783428,9.0,3.0
228,stimulus_13649.png,stimulus_13673.png,0.98538876,9.0,4.0
229,stimulus_13649.png,stimulus_13799.png,0.9802773,9.0,4.0
230,stimulus_13673.png,stimulus_13799.png,0.97569597,9.0,4.0
231,stimulus_13643.png,stimulus_13800.png,0.9668715,9.0,5.0
232,stimulus_13643.png,stimulus_13987.png,0.96923083,9.0,5.0
233,stimulus_13800.png,stimulus_13987.png,0.9503207,9.0,5.0
234,stimulus_13820.png,stimulus_13892.png,0.9924935,9.0,6.0
235,stimulus_13820.png,stimulus_13907.png,0.9763392,9.0,6.0
236,stimulus_13892.png,stimulus_13907.png,0.97166455,9.0,6.0
237,stimulus_14001.png,stimulus_14068.png,0.9679488,9.0,7.0
238,stimulus_14001.png,stimulus_14168.png,0.9725703,9.0,7.0
239,stimulus_14068.png,stimulus_14168.png,0.9650744,9.0,7.0
240,stimulus_14305.png,stimulus_14307.png,0.9626238,9.0,8.0
241,stimulus_14305.png,stimulus_14325.png,0.930214,9.0,8.0
242,stimulus_14307.png,stimulus_14325.png,0.9791206,9.0,8.0
243,stimulus_14500.png,stimulus_14515.png,0.9254439,10.0,0.0
244,stimulus_14500.png,stimulus_14548.png,0.9602582,10.0,0.0
245,stimulus_14515.png,stimulus_14548.png,0.9283895,10.0,0.0
246,stimulus_14602.png,stimulus_14617.png,0.9707097,10.0,1.0
247,stimulus_14602.png,stimulus_14676.png,0.9640404,10.0,1.0
248,stimulus_14617.png,stimulus_14676.png,0.96297383,10.0,1.0
249,stimulus_14846.png,stimulus_14847.png,0.98036194,10.0,2.0
250,stimulus_14846.png,stimulus_14861.png,0.97513735,10.0,2.0
251,stimulus_14847.png,stimulus_14861.png,0.97144544,10.0,2.0
252,stimulus_15014.png,stimulus_15050.png,0.9592727,10.0,3.0
253,stimulus_15014.png,stimulus_15053.png,0.9785168,10.0,3.0
254,stimulus_15050.png,stimulus_15053.png,0.97237587,10.0,3.0
255,stimulus_15264.png,stimulus_15288.png,0.96510416,10.0,4.0
256,stimulus_15264.png,stimulus_15328.png,0.95407104,10.0,4.0
257,stimulus_15288.png,stimulus_15328.png,0.9353891,10.0,4.0
258,stimulus_15450.png,stimulus_15482.png,0.9791199,10.0,5.0
259,stimulus_15450.png,stimulus_15542.png,0.96500355,10.0,5.0
260,stimulus_15482.png,stimulus_15542.png,0.97663367,10.0,5.0
261,stimulus_15470.png,stimulus_15506.png,0.98390055,10.0,6.0
262,stimulus_15470.png,stimulus_15530.png,0.9782772,10.0,6.0
263,stimulus_15506.png,stimulus_15530.png,0.9838309,10.0,6.0
264,stimulus_15738.png,stimulus_15771.png,0.97673666,10.0,7.0
265,stimulus_15738.png,stimulus_15786.png,0.9206809,10.0,7.0
266,stimulus_15771.png,stimulus_15786.png,0.9280654,10.0,7.0
267,stimulus_15806.png,stimulus_15877.png,0.9758562,10.0,8.0
268,stimulus_15806.png,stimulus_15960.png,0.96465737,10.0,8.0
269,stimulus_15877.png,stimulus_15960.png,0.98139864,10.0,8.0
270,stimulus_16032.png,stimulus_16086.png,0.957284,11.0,0.0
271,stimulus_16032.png,stimulus_16173.png,0.9557353,11.0,0.0
272,stimulus_16086.png,stimulus_16173.png,0.97502035,11.0,0.0
273,stimulus_16267.png,stimulus_16333.png,0.9592142,11.0,1.0
274,stimulus_16267.png,stimulus_16334.png,0.96808195,11.0,1.0
275,stimulus_16333.png,stimulus_16334.png,0.9374964,11.0,1.0
276,stimulus_16460.png,stimulus_16560.png,0.9779055,11.0,2.0
277,stimulus_16460.png,stimulus_16573.png,0.96219665,11.0,2.0
278,stimulus_16560.png,stimulus_16573.png,0.945722,11.0,2.0
279,stimulus_16613.png,stimulus_16618.png,0.9545048,11.0,3.0
280,stimulus_16613.png,stimulus_16677.png,0.922781,11.0,3.0
281,stimulus_16618.png,stimulus_16677.png,0.94397926,11.0,3.0
282,stimulus_16888.png,stimulus_16937.png,0.9761288,11.0,4.0
283,stimulus_16888.png,stimulus_16971.png,0.9736387,11.0,4.0
284,stimulus_16937.png,stimulus_16971.png,0.9791877,11.0,4.0
285,stimulus_16950.png,stimulus_17032.png,0.9405354,11.0,5.0
286,stimulus_16950.png,stimulus_17061.png,0.9747684,11.0,5.0
287,stimulus_17032.png,stimulus_17061.png,0.9399473,11.0,5.0
288,stimulus_17084.png,stimulus_17125.png,0.9667828,11.0,6.0
289,stimulus_17084.png,stimulus_17127.png,0.9842555,11.0,6.0
290,stimulus_17125.png,stimulus_17127.png,0.98040855,11.0,6.0
291,stimulus_17256.png,stimulus_17305.png,0.94167376,11.0,7.0
292,stimulus_17256.png,stimulus_17352.png,0.9448375,11.0,7.0
293,stimulus_17305.png,stimulus_17352.png,0.9652528,11.0,7.0
294,stimulus_17468.png,stimulus_17519.png,0.9217205,11.0,8.0
295,stimulus_17468.png,stimulus_17578.png,0.97596633,11.0,8.0
296,stimulus_17519.png,stimulus_17578.png,0.9444348,11.0,8.0
297,stimulus_17667.png,stimulus_17698.png,0.95835114,12.0,0.0
298,stimulus_17667.png,stimulus_17701.png,0.9658167,12.0,0.0
299,stimulus_17698.png,stimulus_17701.png,0.953939,12.0,0.0
300,stimulus_17863.png,stimulus_17920.png,0.981814,12.0,1.0
301,stimulus_17863.png,stimulus_17995.png,0.9662926,12.0,1.0
302,stimulus_17920.png,stimulus_17995.png,0.9831666,12.0,1.0
303,stimulus_18027.png,stimulus_18062.png,0.97034955,12.0,2.0
304,stimulus_18027.png,stimulus_18085.png,0.9735433,12.0,2.0
305,stimulus_18062.png,stimulus_18085.png,0.9668165,12.0,2.0
306,stimulus_18311.png,stimulus_18340.png,0.98308,12.0,3.0
307,stimulus_18311.png,stimulus_18361.png,0.98477304,12.0,3.0
308,stimulus_18340.png,stimulus_18361.png,0.9902255,12.0,3.0
309,stimulus_18405.png,stimulus_18461.png,0.9792232,12.0,4.0
310,stimulus_18405.png,stimulus_18496.png,0.98060083,12.0,4.0
311,stimulus_18461.png,stimulus_18496.png,0.9823996,12.0,4.0
312,stimulus_18402.png,stimulus_18670.png,0.9705608,12.0,5.0
313,stimulus_18402.png,stimulus_18684.png,0.9695548,12.0,5.0
314,stimulus_18670.png,stimulus_18684.png,0.9789692,12.0,5.0
315,stimulus_18614.png,stimulus_18701.png,0.97271544,12.0,6.0
316,stimulus_18614.png,stimulus_18794.png,0.9597779,12.0,6.0
317,stimulus_18701.png,stimulus_18794.png,0.9648617,12.0,6.0
318,stimulus_18826.png,stimulus_18941.png,0.95162153,12.0,7.0
319,stimulus_18826.png,stimulus_18995.png,0.96701175,12.0,7.0
320,stimulus_18941.png,stimulus_18995.png,0.9723445,12.0,7.0
321,stimulus_19028.png,stimulus_19061.png,0.9406876,12.0,8.0
322,stimulus_19028.png,stimulus_19192.png,0.9393203,12.0,8.0
323,stimulus_19061.png,stimulus_19192.png,0.9856111,12.0,8.0
324,stimulus_19204.png,stimulus_19250.png,0.91288656,13.0,0.0
325,stimulus_19204.png,stimulus_19290.png,0.89658654,13.0,0.0
326,stimulus_19250.png,stimulus_19290.png,0.9470026,13.0,0.0
327,stimulus_19405.png,stimulus_19433.png,0.98212636,13.0,1.0
328,stimulus_19405.png,stimulus_19453.png,0.95668197,13.0,1.0
329,stimulus_19433.png,stimulus_19453.png,0.95884395,13.0,1.0
330,stimulus_19604.png,stimulus_19718.png,0.9770436,13.0,2.0
331,stimulus_19604.png,stimulus_19743.png,0.9708117,13.0,2.0
332,stimulus_19718.png,stimulus_19743.png,0.97286165,13.0,2.0
333,stimulus_19823.png,stimulus_19914.png,0.9819597,13.0,3.0
334,stimulus_19823.png,stimulus_19979.png,0.9706643,13.0,3.0
335,stimulus_19914.png,stimulus_19979.png,0.9704795,13.0,3.0
336,stimulus_20060.png,stimulus_20065.png,0.9827775,13.0,4.0
337,stimulus_20060.png,stimulus_20192.png,0.9891815,13.0,4.0
338,stimulus_20065.png,stimulus_20192.png,0.9824319,13.0,4.0
339,stimulus_20052.png,stimulus_20306.png,0.957915,13.0,5.0
340,stimulus_20052.png,stimulus_20339.png,0.9257264,13.0,5.0
341,stimulus_20306.png,stimulus_20339.png,0.982728,13.0,5.0
342,stimulus_20219.png,stimulus_20327.png,0.9712205,13.0,6.0
343,stimulus_20219.png,stimulus_20365.png,0.98388445,13.0,6.0
344,stimulus_20327.png,stimulus_20365.png,0.9683741,13.0,6.0
345,stimulus_20419.png,stimulus_20453.png,0.9724721,13.0,7.0
346,stimulus_20419.png,stimulus_20584.png,0.9645254,13.0,7.0
347,stimulus_20453.png,stimulus_20584.png,0.96143025,13.0,7.0
348,stimulus_20612.png,stimulus_20652.png,0.9454956,13.0,8.0
349,stimulus_20612.png,stimulus_20732.png,0.96987367,13.0,8.0
350,stimulus_20652.png,stimulus_20732.png,0.9752389,13.0,8.0
351,stimulus_20906.png,stimulus_20913.png,0.9769306,14.0,0.0
352,stimulus_20906.png,stimulus_20968.png,0.929895,14.0,0.0
353,stimulus_20913.png,stimulus_20968.png,0.9510499,14.0,0.0
354,stimulus_21103.png,stimulus_21118.png,0.9227056,14.0,1.0
355,stimulus_21103.png,stimulus_21174.png,0.95606947,14.0,1.0
356,stimulus_21118.png,stimulus_21174.png,0.963979,14.0,1.0
357,stimulus_21251.png,stimulus_21259.png,0.98281574,14.0,2.0
358,stimulus_21251.png,stimulus_21290.png,0.9833253,14.0,2.0
359,stimulus_21259.png,stimulus_21290.png,0.96596485,14.0,2.0
360,stimulus_21502.png,stimulus_21555.png,0.956421,14.0,3.0
361,stimulus_21502.png,stimulus_21590.png,0.9763218,14.0,3.0
362,stimulus_21555.png,stimulus_21590.png,0.9491845,14.0,3.0
363,stimulus_21641.png,stimulus_21660.png,0.96011835,14.0,4.0
364,stimulus_21641.png,stimulus_21696.png,0.9886584,14.0,4.0
365,stimulus_21660.png,stimulus_21696.png,0.9564611,14.0,4.0
366,stimulus_21784.png,stimulus_21901.png,0.9833626,14.0,5.0
367,stimulus_21784.png,stimulus_21949.png,0.97345364,14.0,5.0
368,stimulus_21901.png,stimulus_21949.png,0.9713236,14.0,5.0
369,stimulus_21803.png,stimulus_21829.png,0.9718367,14.0,6.0
370,stimulus_21803.png,stimulus_21999.png,0.9814087,14.0,6.0
371,stimulus_21829.png,stimulus_21999.png,0.9726193,14.0,6.0
372,stimulus_22009.png,stimulus_22101.png,0.95182294,14.0,7.0
373,stimulus_22009.png,stimulus_22105.png,0.98092365,14.0,7.0
374,stimulus_22101.png,stimulus_22105.png,0.9404775,14.0,7.0
375,stimulus_22226.png,stimulus_22283.png,0.98326933,14.0,8.0
376,stimulus_22226.png,stimulus_22334.png,0.970522,14.0,8.0
377,stimulus_22283.png,stimulus_22334.png,0.9665204,14.0,8.0
378,stimulus_22438.png,stimulus_22472.png,0.95909786,15.0,0.0
379,stimulus_22438.png,stimulus_22562.png,0.9550089,15.0,0.0
380,stimulus_22472.png,stimulus_22562.png,0.95843595,15.0,0.0
381,stimulus_22676.png,stimulus_22754.png,0.9645693,15.0,1.0
382,stimulus_22676.png,stimulus_22760.png,0.97196656,15.0,1.0
383,stimulus_22754.png,stimulus_22760.png,0.97484076,15.0,1.0
384,stimulus_22841.png,stimulus_22853.png,0.9770833,15.0,2.0
385,stimulus_22841.png,stimulus_22897.png,0.9348004,15.0,2.0
386,stimulus_22853.png,stimulus_22897.png,0.9227575,15.0,2.0
387,stimulus_23037.png,stimulus_23066.png,0.98683345,15.0,3.0
388,stimulus_23037.png,stimulus_23196.png,0.97989416,15.0,3.0
389,stimulus_23066.png,stimulus_23196.png,0.9827045,15.0,3.0
390,stimulus_23202.png,stimulus_23206.png,0.97043914,15.0,4.0
391,stimulus_23202.png,stimulus_23321.png,0.9800918,15.0,4.0
392,stimulus_23206.png,stimulus_23321.png,0.9818971,15.0,4.0
393,stimulus_23294.png,stimulus_23362.png,0.9587779,15.0,5.0
394,stimulus_23294.png,stimulus_23591.png,0.9711938,15.0,5.0
395,stimulus_23362.png,stimulus_23591.png,0.970307,15.0,5.0
396,stimulus_23420.png,stimulus_23492.png,0.9835249,15.0,6.0
397,stimulus_23420.png,stimulus_23511.png,0.9796579,15.0,6.0
398,stimulus_23492.png,stimulus_23511.png,0.9811917,15.0,6.0
399,stimulus_23676.png,stimulus_23693.png,0.9535821,15.0,7.0
400,stimulus_23676.png,stimulus_23773.png,0.9808732,15.0,7.0
401,stimulus_23693.png,stimulus_23773.png,0.9555925,15.0,7.0
402,stimulus_23872.png,stimulus_23933.png,0.9779574,15.0,8.0
403,stimulus_23872.png,stimulus_23994.png,0.97401696,15.0,8.0
404,stimulus_23933.png,stimulus_23994.png,0.9627292,15.0,8.0
405,stimulus_24063.png,stimulus_24066.png,0.9633425,16.0,0.0
406,stimulus_24063.png,stimulus_24194.png,0.9743434,16.0,0.0
407,stimulus_24066.png,stimulus_24194.png,0.9551208,16.0,0.0
408,stimulus_24211.png,stimulus_24362.png,0.9754611,16.0,1.0
409,stimulus_24211.png,stimulus_24378.png,0.9767572,16.0,1.0
410,stimulus_24362.png,stimulus_24378.png,0.9769232,16.0,1.0
411,stimulus_24401.png,stimulus_24513.png,0.98322487,16.0,2.0
412,stimulus_24401.png,stimulus_24515.png,0.97289896,16.0,2.0
413,stimulus_24513.png,stimulus_24515.png,0.95023894,16.0,2.0
414,stimulus_24610.png,stimulus_24691.png,0.95635045,16.0,3.0
415,stimulus_24610.png,stimulus_24775.png,0.97054815,16.0,3.0
416,stimulus_24691.png,stimulus_24775.png,0.98285955,16.0,3.0
417,stimulus_24803.png,stimulus_24853.png,0.9844476,16.0,4.0
418,stimulus_24803.png,stimulus_24918.png,0.9796308,16.0,4.0
419,stimulus_24853.png,stimulus_24918.png,0.97649235,16.0,4.0
420,stimulus_25039.png,stimulus_25123.png,0.96835804,16.0,5.0
421,stimulus_25039.png,stimulus_25181.png,0.9755548,16.0,5.0
422,stimulus_25123.png,stimulus_25181.png,0.98528767,16.0,5.0
423,stimulus_25008.png,stimulus_25011.png,0.9767392,16.0,6.0
424,stimulus_25008.png,stimulus_25066.png,0.9802164,16.0,6.0
425,stimulus_25011.png,stimulus_25066.png,0.9613379,16.0,6.0
426,stimulus_25247.png,stimulus_25281.png,0.9815333,16.0,7.0
427,stimulus_25247.png,stimulus_25319.png,0.98564005,16.0,7.0
428,stimulus_25281.png,stimulus_25319.png,0.98569846,16.0,7.0
429,stimulus_25461.png,stimulus_25573.png,0.96702325,16.0,8.0
430,stimulus_25461.png,stimulus_25593.png,0.9725548,16.0,8.0
431,stimulus_25573.png,stimulus_25593.png,0.94538,16.0,8.0
432,stimulus_25628.png,stimulus_25650.png,0.9143,17.0,0.0
433,stimulus_25628.png,stimulus_25794.png,0.96171,17.0,0.0
434,stimulus_25650.png,stimulus_25794.png,0.9192065,17.0,0.0
435,stimulus_25848.png,stimulus_25898.png,0.9746013,17.0,1.0
436,stimulus_25848.png,stimulus_25993.png,0.98756284,17.0,1.0
437,stimulus_25898.png,stimulus_25993.png,0.96807736,17.0,1.0
438,stimulus_26015.png,stimulus_26063.png,0.9804264,17.0,2.0
439,stimulus_26015.png,stimulus_26128.png,0.9755713,17.0,2.0
440,stimulus_26063.png,stimulus_26128.png,0.9856751,17.0,2.0
441,stimulus_26217.png,stimulus_26321.png,0.9817159,17.0,3.0
442,stimulus_26217.png,stimulus_26352.png,0.9701401,17.0,3.0
443,stimulus_26321.png,stimulus_26352.png,0.9899339,17.0,3.0
444,stimulus_26431.png,stimulus_26459.png,0.9813994,17.0,4.0
445,stimulus_26431.png,stimulus_26513.png,0.9714307,17.0,4.0
446,stimulus_26459.png,stimulus_26513.png,0.9754955,17.0,4.0
447,stimulus_26404.png,stimulus_26487.png,0.9782182,17.0,5.0
448,stimulus_26404.png,stimulus_26685.png,0.9827018,17.0,5.0
449,stimulus_26487.png,stimulus_26685.png,0.9753893,17.0,5.0
450,stimulus_26613.png,stimulus_26749.png,0.9689096,17.0,6.0
451,stimulus_26613.png,stimulus_26775.png,0.9790637,17.0,6.0
452,stimulus_26749.png,stimulus_26775.png,0.9760925,17.0,6.0
453,stimulus_26871.png,stimulus_26882.png,0.95637214,17.0,7.0
454,stimulus_26871.png,stimulus_26899.png,0.9826535,17.0,7.0
455,stimulus_26882.png,stimulus_26899.png,0.9459167,17.0,7.0
456,stimulus_27034.png,stimulus_27126.png,0.9909541,17.0,8.0
457,stimulus_27034.png,stimulus_27133.png,0.98355937,17.0,8.0
458,stimulus_27126.png,stimulus_27133.png,0.9868523,17.0,8.0
459,stimulus_27232.png,stimulus_27242.png,0.9654572,18.0,0.0
460,stimulus_27232.png,stimulus_27332.png,0.9476744,18.0,0.0
461,stimulus_27242.png,stimulus_27332.png,0.96577084,18.0,0.0
462,stimulus_27430.png,stimulus_27431.png,0.96553445,18.0,1.0
463,stimulus_27430.png,stimulus_27530.png,0.9675486,18.0,1.0
464,stimulus_27431.png,stimulus_27530.png,0.9462242,18.0,1.0
465,stimulus_27650.png,stimulus_27728.png,0.9728066,18.0,2.0
466,stimulus_27650.png,stimulus_27734.png,0.9835117,18.0,2.0
467,stimulus_27728.png,stimulus_27734.png,0.98065877,18.0,2.0
468,stimulus_27808.png,stimulus_27827.png,0.9684948,18.0,3.0
469,stimulus_27808.png,stimulus_27889.png,0.9651351,18.0,3.0
470,stimulus_27827.png,stimulus_27889.png,0.98105,18.0,3.0
471,stimulus_28013.png,stimulus_28074.png,0.98462915,18.0,4.0
472,stimulus_28013.png,stimulus_28152.png,0.96948946,18.0,4.0
473,stimulus_28074.png,stimulus_28152.png,0.9817821,18.0,4.0
474,stimulus_28124.png,stimulus_28248.png,0.98182595,18.0,5.0
475,stimulus_28124.png,stimulus_28351.png,0.9539892,18.0,5.0
476,stimulus_28248.png,stimulus_28351.png,0.9830587,18.0,5.0
477,stimulus_28202.png,stimulus_28241.png,0.9736324,18.0,6.0
478,stimulus_28202.png,stimulus_28337.png,0.95070434,18.0,6.0
479,stimulus_28241.png,stimulus_28337.png,0.97674227,18.0,6.0
480,stimulus_28523.png,stimulus_28557.png,0.94210184,18.0,7.0
481,stimulus_28523.png,stimulus_28562.png,0.96326834,18.0,7.0
482,stimulus_28557.png,stimulus_28562.png,0.90463436,18.0,7.0
483,stimulus_28644.png,stimulus_28667.png,0.9813631,18.0,8.0
484,stimulus_28644.png,stimulus_28768.png,0.97802913,18.0,8.0
485,stimulus_28667.png,stimulus_28768.png,0.959061,18.0,8.0
486,stimulus_28845.png,stimulus_28865.png,0.9831214,19.0,0.0
487,stimulus_28845.png,stimulus_28918.png,0.96543884,19.0,0.0
488,stimulus_28865.png,stimulus_28918.png,0.9726689,19.0,0.0
489,stimulus_29004.png,stimulus_29085.png,0.94068223,19.0,1.0
490,stimulus_29004.png,stimulus_29150.png,0.89085406,19.0,1.0
491,stimulus_29085.png,stimulus_29150.png,0.93455034,19.0,1.0
492,stimulus_29222.png,stimulus_29293.png,0.9772735,19.0,2.0
493,stimulus_29222.png,stimulus_29388.png,0.96097654,19.0,2.0
494,stimulus_29293.png,stimulus_29388.png,0.97249496,19.0,2.0
495,stimulus_29412.png,stimulus_29465.png,0.9399121,19.0,3.0
496,stimulus_29412.png,stimulus_29493.png,0.9522983,19.0,3.0
497,stimulus_29465.png,stimulus_29493.png,0.9721994,19.0,3.0
498,stimulus_29635.png,stimulus_29669.png,0.9771787,19.0,4.0
499,stimulus_29635.png,stimulus_29713.png,0.9776716,19.0,4.0
500,stimulus_29669.png,stimulus_29713.png,0.9828089,19.0,4.0
501,stimulus_29710.png,stimulus_29897.png,0.96087444,19.0,5.0
502,stimulus_29710.png,stimulus_29942.png,0.97968096,19.0,5.0
503,stimulus_29897.png,stimulus_29942.png,0.9585791,19.0,5.0
504,stimulus_29934.png,stimulus_29950.png,0.9765259,19.0,6.0
505,stimulus_29934.png,stimulus_29993.png,0.9829613,19.0,6.0
506,stimulus_29950.png,stimulus_29993.png,0.9865844,19.0,6.0
507,stimulus_30083.png,stimulus_30147.png,0.98220176,19.0,7.0
508,stimulus_30083.png,stimulus_30182.png,0.98233974,19.0,7.0
509,stimulus_30147.png,stimulus_30182.png,0.963419,19.0,7.0
510,stimulus_30258.png,stimulus_30303.png,0.9764172,19.0,8.0
511,stimulus_30258.png,stimulus_30322.png,0.9863056,19.0,8.0
512,stimulus_30303.png,stimulus_30322.png,0.9735081,19.0,8.0
513,stimulus_30400.png,stimulus_30483.png,0.98040605,20.0,0.0
514,stimulus_30400.png,stimulus_30541.png,0.9642934,20.0,0.0
515,stimulus_30483.png,stimulus_30541.png,0.96870816,20.0,0.0
516,stimulus_30620.png,stimulus_30651.png,0.95438886,20.0,1.0
517,stimulus_30620.png,stimulus_30770.png,0.9774455,20.0,1.0
518,stimulus_30651.png,stimulus_30770.png,0.94124496,20.0,1.0
519,stimulus_30815.png,stimulus_30834.png,0.96950376,20.0,2.0
520,stimulus_30815.png,stimulus_30893.png,0.9573633,20.0,2.0
521,stimulus_30834.png,stimulus_30893.png,0.98541975,20.0,2.0
522,stimulus_31013.png,stimulus_31014.png,0.9822935,20.0,3.0
523,stimulus_31013.png,stimulus_31142.png,0.95495963,20.0,3.0
524,stimulus_31014.png,stimulus_31142.png,0.9611101,20.0,3.0
525,stimulus_31227.png,stimulus_31271.png,0.9761514,20.0,4.0
526,stimulus_31227.png,stimulus_31298.png,0.95946383,20.0,4.0
527,stimulus_31271.png,stimulus_31298.png,0.98335546,20.0,4.0
528,stimulus_31520.png,stimulus_31564.png,0.98062855,20.0,5.0
529,stimulus_31520.png,stimulus_31582.png,0.95685875,20.0,5.0
530,stimulus_31564.png,stimulus_31582.png,0.9784734,20.0,5.0
531,stimulus_31409.png,stimulus_31479.png,0.97557575,20.0,6.0
532,stimulus_31409.png,stimulus_31541.png,0.990182,20.0,6.0
533,stimulus_31479.png,stimulus_31541.png,0.982494,20.0,6.0
534,stimulus_31721.png,stimulus_31722.png,0.95162016,20.0,7.0
535,stimulus_31721.png,stimulus_31789.png,0.9897451,20.0,7.0
536,stimulus_31722.png,stimulus_31789.png,0.95378476,20.0,7.0
537,stimulus_31859.png,stimulus_31945.png,0.972821,20.0,8.0
538,stimulus_31859.png,stimulus_31986.png,0.9868455,20.0,8.0
539,stimulus_31945.png,stimulus_31986.png,0.97092617,20.0,8.0
540,stimulus_32010.png,stimulus_32132.png,0.9600032,21.0,0.0
541,stimulus_32010.png,stimulus_32178.png,0.93830854,21.0,0.0
542,stimulus_32132.png,stimulus_32178.png,0.94311714,21.0,0.0
543,stimulus_32258.png,stimulus_32321.png,0.9553477,21.0,1.0
544,stimulus_32258.png,stimulus_32368.png,0.96502006,21.0,1.0
545,stimulus_32321.png,stimulus_32368.png,0.9773279,21.0,1.0
546,stimulus_32460.png,stimulus_32495.png,0.9864552,21.0,2.0
547,stimulus_32460.png,stimulus_32524.png,0.9720466,21.0,2.0
548,stimulus_32495.png,stimulus_32524.png,0.98434776,21.0,2.0
549,stimulus_32729.png,stimulus_32755.png,0.95457196,21.0,3.0
550,stimulus_32729.png,stimulus_32766.png,0.94340944,21.0,3.0
551,stimulus_32755.png,stimulus_32766.png,0.97887105,21.0,3.0
552,stimulus_32813.png,stimulus_32855.png,0.9756261,21.0,4.0
553,stimulus_32813.png,stimulus_32992.png,0.97070295,21.0,4.0
554,stimulus_32855.png,stimulus_32992.png,0.96977556,21.0,4.0
555,stimulus_33002.png,stimulus_33078.png,0.9568348,21.0,5.0
556,stimulus_33002.png,stimulus_33123.png,0.97516525,21.0,5.0
557,stimulus_33078.png,stimulus_33123.png,0.98953784,21.0,5.0
558,stimulus_33127.png,stimulus_33159.png,0.9488641,21.0,6.0
559,stimulus_33127.png,stimulus_33189.png,0.9748615,21.0,6.0
560,stimulus_33159.png,stimulus_33189.png,0.9723303,21.0,6.0
561,stimulus_33255.png,stimulus_33310.png,0.98428595,21.0,7.0
562,stimulus_33255.png,stimulus_33341.png,0.9730294,21.0,7.0
563,stimulus_33310.png,stimulus_33341.png,0.9846895,21.0,7.0
564,stimulus_33406.png,stimulus_33422.png,0.9800253,21.0,8.0
565,stimulus_33406.png,stimulus_33568.png,0.9799293,21.0,8.0
566,stimulus_33422.png,stimulus_33568.png,0.9790144,21.0,8.0
567,stimulus_33657.png,stimulus_33676.png,0.90817976,22.0,0.0
568,stimulus_33657.png,stimulus_33705.png,0.93443215,22.0,0.0
569,stimulus_33676.png,stimulus_33705.png,0.9514644,22.0,0.0
570,stimulus_33875.png,stimulus_33892.png,0.9682164,22.0,1.0
571,stimulus_33875.png,stimulus_33980.png,0.960005,22.0,1.0
572,stimulus_33892.png,stimulus_33980.png,0.9728017,22.0,1.0
573,stimulus_34072.png,stimulus_34153.png,0.9845296,22.0,2.0
574,stimulus_34072.png,stimulus_34192.png,0.96546525,22.0,2.0
575,stimulus_34153.png,stimulus_34192.png,0.96383554,22.0,2.0
576,stimulus_34263.png,stimulus_34271.png,0.97740984,22.0,3.0
577,stimulus_34263.png,stimulus_34363.png,0.9810513,22.0,3.0
578,stimulus_34271.png,stimulus_34363.png,0.98370034,22.0,3.0
579,stimulus_34440.png,stimulus_34545.png,0.98224825,22.0,4.0
580,stimulus_34440.png,stimulus_34591.png,0.96447706,22.0,4.0
581,stimulus_34545.png,stimulus_34591.png,0.9790404,22.0,4.0
582,stimulus_34408.png,stimulus_34498.png,0.9686681,22.0,5.0
583,stimulus_34408.png,stimulus_34705.png,0.9800054,22.0,5.0
584,stimulus_34498.png,stimulus_34705.png,0.97680664,22.0,5.0
585,stimulus_34677.png,stimulus_34702.png,0.97861046,22.0,6.0
586,stimulus_34677.png,stimulus_34745.png,0.9832979,22.0,6.0
587,stimulus_34702.png,stimulus_34745.png,0.9657253,22.0,6.0
588,stimulus_34827.png,stimulus_34872.png,0.9675716,22.0,7.0
589,stimulus_34827.png,stimulus_34918.png,0.984007,22.0,7.0
590,stimulus_34872.png,stimulus_34918.png,0.9817179,22.0,7.0
591,stimulus_35039.png,stimulus_35068.png,0.9421364,22.0,8.0
592,stimulus_35039.png,stimulus_35108.png,0.9833379,22.0,8.0
593,stimulus_35068.png,stimulus_35108.png,0.9720125,22.0,8.0
594,stimulus_35269.png,stimulus_35314.png,0.98515683,23.0,0.0
595,stimulus_35269.png,stimulus_35380.png,0.9768423,23.0,0.0
596,stimulus_35314.png,stimulus_35380.png,0.9810868,23.0,0.0
597,stimulus_35434.png,stimulus_35484.png,0.92549086,23.0,1.0
598,stimulus_35434.png,stimulus_35503.png,0.917702,23.0,1.0
599,stimulus_35484.png,stimulus_35503.png,0.9532034,23.0,1.0
600,stimulus_35608.png,stimulus_35716.png,0.9411587,23.0,2.0
601,stimulus_35608.png,stimulus_35765.png,0.98153704,23.0,2.0
602,stimulus_35716.png,stimulus_35765.png,0.9694171,23.0,2.0
603,stimulus_35829.png,stimulus_35830.png,0.9783765,23.0,3.0
604,stimulus_35829.png,stimulus_35838.png,0.9765975,23.0,3.0
605,stimulus_35830.png,stimulus_35838.png,0.980904,23.0,3.0
606,stimulus_36048.png,stimulus_36147.png,0.98093694,23.0,4.0
607,stimulus_36048.png,stimulus_36192.png,0.98442596,23.0,4.0
608,stimulus_36147.png,stimulus_36192.png,0.98354274,23.0,4.0
609,stimulus_36006.png,stimulus_36081.png,0.98428875,23.0,5.0
610,stimulus_36006.png,stimulus_36216.png,0.97648036,23.0,5.0
611,stimulus_36081.png,stimulus_36216.png,0.98167855,23.0,5.0
612,stimulus_36255.png,stimulus_36267.png,0.9679658,23.0,6.0
613,stimulus_36255.png,stimulus_36296.png,0.96429205,23.0,6.0
614,stimulus_36267.png,stimulus_36296.png,0.96082634,23.0,6.0
615,stimulus_36503.png,stimulus_36541.png,0.9118937,23.0,7.0
616,stimulus_36503.png,stimulus_36576.png,0.9893089,23.0,7.0
617,stimulus_36541.png,stimulus_36576.png,0.9402588,23.0,7.0
618,stimulus_36719.png,stimulus_36724.png,0.9802981,23.0,8.0
619,stimulus_36719.png,stimulus_36781.png,0.97052896,23.0,8.0
620,stimulus_36724.png,stimulus_36781.png,0.98100805,23.0,8.0
621,stimulus_36822.png,stimulus_36940.png,0.93579626,24.0,0.0
622,stimulus_36822.png,stimulus_36975.png,0.95161533,24.0,0.0
623,stimulus_36940.png,stimulus_36975.png,0.948416,24.0,0.0
624,stimulus_37080.png,stimulus_37138.png,0.9404262,24.0,1.0
625,stimulus_37080.png,stimulus_37172.png,0.91812736,24.0,1.0
626,stimulus_37138.png,stimulus_37172.png,0.9277156,24.0,1.0
627,stimulus_37220.png,stimulus_37227.png,0.96352804,24.0,2.0
628,stimulus_37220.png,stimulus_37245.png,0.9784344,24.0,2.0
629,stimulus_37227.png,stimulus_37245.png,0.9572284,24.0,2.0
630,stimulus_37459.png,stimulus_37548.png,0.97763467,24.0,3.0
631,stimulus_37459.png,stimulus_37574.png,0.9732436,24.0,3.0
632,stimulus_37548.png,stimulus_37574.png,0.9744868,24.0,3.0
633,stimulus_37621.png,stimulus_37713.png,0.97574556,24.0,4.0
634,stimulus_37621.png,stimulus_37787.png,0.94661534,24.0,4.0
635,stimulus_37713.png,stimulus_37787.png,0.9672437,24.0,4.0
636,stimulus_37622.png,stimulus_37878.png,0.96826524,24.0,5.0
637,stimulus_37622.png,stimulus_37930.png,0.97176886,24.0,5.0
638,stimulus_37878.png,stimulus_37930.png,0.9847996,24.0,5.0
639,stimulus_37850.png,stimulus_37945.png,0.9709325,24.0,6.0
640,stimulus_37850.png,stimulus_37984.png,0.9763619,24.0,6.0
641,stimulus_37945.png,stimulus_37984.png,0.9804889,24.0,6.0
642,stimulus_38010.png,stimulus_38099.png,0.98324984,24.0,7.0
643,stimulus_38010.png,stimulus_38154.png,0.98577535,24.0,7.0
644,stimulus_38099.png,stimulus_38154.png,0.97309273,24.0,7.0
645,stimulus_38268.png,stimulus_38323.png,0.985816,24.0,8.0
646,stimulus_38268.png,stimulus_38348.png,0.9782682,24.0,8.0
647,stimulus_38323.png,stimulus_38348.png,0.98773175,24.0,8.0
648,stimulus_38441.png,stimulus_38528.png,0.97607577,25.0,0.0
649,stimulus_38441.png,stimulus_38591.png,0.9775652,25.0,0.0
650,stimulus_38528.png,stimulus_38591.png,0.96850353,25.0,0.0
651,stimulus_38612.png,stimulus_38632.png,0.973683,25.0,1.0
652,stimulus_38612.png,stimulus_38760.png,0.96409947,25.0,1.0
653,stimulus_38632.png,stimulus_38760.png,0.95900846,25.0,1.0
654,stimulus_38821.png,stimulus_38880.png,0.9837756,25.0,2.0
655,stimulus_38821.png,stimulus_38920.png,0.98130536,25.0,2.0
656,stimulus_38880.png,stimulus_38920.png,0.97966665,25.0,2.0
657,stimulus_39052.png,stimulus_39093.png,0.9833809,25.0,3.0
658,stimulus_39052.png,stimulus_39107.png,0.96234584,25.0,3.0
659,stimulus_39093.png,stimulus_39107.png,0.9552477,25.0,3.0
660,stimulus_39208.png,stimulus_39250.png,0.97750473,25.0,4.0
661,stimulus_39208.png,stimulus_39272.png,0.92601156,25.0,4.0
662,stimulus_39250.png,stimulus_39272.png,0.95036024,25.0,4.0
663,stimulus_39220.png,stimulus_39462.png,0.98559725,25.0,5.0
664,stimulus_39220.png,stimulus_39569.png,0.9852429,25.0,5.0
665,stimulus_39462.png,stimulus_39569.png,0.9760226,25.0,5.0
666,stimulus_39412.png,stimulus_39525.png,0.97158015,25.0,6.0
667,stimulus_39412.png,stimulus_39596.png,0.9736186,25.0,6.0
668,stimulus_39525.png,stimulus_39596.png,0.986704,25.0,6.0
669,stimulus_39630.png,stimulus_39637.png,0.97838604,25.0,7.0
670,stimulus_39630.png,stimulus_39754.png,0.9774148,25.0,7.0
671,stimulus_39637.png,stimulus_39754.png,0.9824383,25.0,7.0
672,stimulus_39832.png,stimulus_39914.png,0.9610318,25.0,8.0
673,stimulus_39832.png,stimulus_39918.png,0.9789761,25.0,8.0
674,stimulus_39914.png,stimulus_39918.png,0.9789549,25.0,8.0
675,stimulus_40043.png,stimulus_40048.png,0.95321333,26.0,0.0
676,stimulus_40043.png,stimulus_40134.png,0.9525547,26.0,0.0
677,stimulus_40048.png,stimulus_40134.png,0.9660011,26.0,0.0
678,stimulus_40201.png,stimulus_40272.png,0.97457427,26.0,1.0
679,stimulus_40201.png,stimulus_40338.png,0.9739895,26.0,1.0
680,stimulus_40272.png,stimulus_40338.png,0.97257674,26.0,1.0
681,stimulus_40433.png,stimulus_40487.png,0.9591515,26.0,2.0
682,stimulus_40433.png,stimulus_40515.png,0.9810434,26.0,2.0
683,stimulus_40487.png,stimulus_40515.png,0.9615551,26.0,2.0
684,stimulus_40641.png,stimulus_40661.png,0.979448,26.0,3.0
685,stimulus_40641.png,stimulus_40767.png,0.9756248,26.0,3.0
686,stimulus_40661.png,stimulus_40767.png,0.967849,26.0,3.0
687,stimulus_40800.png,stimulus_40980.png,0.9595984,26.0,4.0
688,stimulus_40800.png,stimulus_40981.png,0.9700396,26.0,4.0
689,stimulus_40980.png,stimulus_40981.png,0.98438704,26.0,4.0
690,stimulus_40938.png,stimulus_40962.png,0.9723121,26.0,5.0
691,stimulus_40938.png,stimulus_41092.png,0.971063,26.0,5.0
692,stimulus_40962.png,stimulus_41092.png,0.9843757,26.0,5.0
693,stimulus_41068.png,stimulus_41075.png,0.98178226,26.0,6.0
694,stimulus_41068.png,stimulus_41163.png,0.97939706,26.0,6.0
695,stimulus_41075.png,stimulus_41163.png,0.970051,26.0,6.0
696,stimulus_41204.png,stimulus_41207.png,0.9526444,26.0,7.0
697,stimulus_41204.png,stimulus_41337.png,0.97295594,26.0,7.0
698,stimulus_41207.png,stimulus_41337.png,0.98014355,26.0,7.0
699,stimulus_41422.png,stimulus_41552.png,0.9579629,26.0,8.0
700,stimulus_41422.png,stimulus_41575.png,0.9810741,26.0,8.0
701,stimulus_41552.png,stimulus_41575.png,0.9549891,26.0,8.0
702,stimulus_41625.png,stimulus_41749.png,0.97025156,27.0,0.0
703,stimulus_41625.png,stimulus_41754.png,0.9797124,27.0,0.0
704,stimulus_41749.png,stimulus_41754.png,0.97562313,27.0,0.0
705,stimulus_41851.png,stimulus_41908.png,0.9803969,27.0,1.0
706,stimulus_41851.png,stimulus_41927.png,0.98164594,27.0,1.0
707,stimulus_41908.png,stimulus_41927.png,0.9824009,27.0,1.0
708,stimulus_42084.png,stimulus_42115.png,0.9687818,27.0,2.0
709,stimulus_42084.png,stimulus_42140.png,0.96644807,27.0,2.0
710,stimulus_42115.png,stimulus_42140.png,0.97422767,27.0,2.0
711,stimulus_42216.png,stimulus_42249.png,0.9565143,27.0,3.0
712,stimulus_42216.png,stimulus_42320.png,0.97343314,27.0,3.0
713,stimulus_42249.png,stimulus_42320.png,0.9766811,27.0,3.0
714,stimulus_42435.png,stimulus_42442.png,0.9853393,27.0,4.0
715,stimulus_42435.png,stimulus_42517.png,0.9781721,27.0,4.0
716,stimulus_42442.png,stimulus_42517.png,0.97209346,27.0,4.0
717,stimulus_42405.png,stimulus_42430.png,0.9808979,27.0,5.0
718,stimulus_42405.png,stimulus_42720.png,0.9699748,27.0,5.0
719,stimulus_42430.png,stimulus_42720.png,0.95672786,27.0,5.0
720,stimulus_42616.png,stimulus_42673.png,0.97997034,27.0,6.0
721,stimulus_42616.png,stimulus_42787.png,0.9875724,27.0,6.0
722,stimulus_42673.png,stimulus_42787.png,0.9691608,27.0,6.0
723,stimulus_42800.png,stimulus_42832.png,0.9773246,27.0,7.0
724,stimulus_42800.png,stimulus_42997.png,0.9641489,27.0,7.0
725,stimulus_42832.png,stimulus_42997.png,0.9833521,27.0,7.0
726,stimulus_43075.png,stimulus_43137.png,0.98418146,27.0,8.0
727,stimulus_43075.png,stimulus_43188.png,0.99064547,27.0,8.0
728,stimulus_43137.png,stimulus_43188.png,0.98631513,27.0,8.0
729,stimulus_43204.png,stimulus_43233.png,0.9778689,28.0,0.0
730,stimulus_43204.png,stimulus_43377.png,0.9249489,28.0,0.0
731,stimulus_43233.png,stimulus_43377.png,0.95631015,28.0,0.0
732,stimulus_43445.png,stimulus_43488.png,0.9809194,28.0,1.0
733,stimulus_43445.png,stimulus_43564.png,0.94623923,28.0,1.0
734,stimulus_43488.png,stimulus_43564.png,0.94971347,28.0,1.0
735,stimulus_43613.png,stimulus_43671.png,0.97493863,28.0,2.0
736,stimulus_43613.png,stimulus_43735.png,0.96561676,28.0,2.0
737,stimulus_43671.png,stimulus_43735.png,0.98503566,28.0,2.0
738,stimulus_43810.png,stimulus_43895.png,0.9791395,28.0,3.0
739,stimulus_43810.png,stimulus_43953.png,0.9771778,28.0,3.0
740,stimulus_43895.png,stimulus_43953.png,0.9786661,28.0,3.0
741,stimulus_44092.png,stimulus_44100.png,0.98712033,28.0,4.0
742,stimulus_44092.png,stimulus_44144.png,0.98742616,28.0,4.0
743,stimulus_44100.png,stimulus_44144.png,0.98941916,28.0,4.0
744,stimulus_44015.png,stimulus_44018.png,0.9775448,28.0,5.0
745,stimulus_44015.png,stimulus_44179.png,0.9749106,28.0,5.0
746,stimulus_44018.png,stimulus_44179.png,0.95894057,28.0,5.0
747,stimulus_44236.png,stimulus_44262.png,0.97409177,28.0,6.0
748,stimulus_44236.png,stimulus_44379.png,0.98799115,28.0,6.0
749,stimulus_44262.png,stimulus_44379.png,0.9764048,28.0,6.0
750,stimulus_44424.png,stimulus_44437.png,0.967222,28.0,7.0
751,stimulus_44424.png,stimulus_44530.png,0.9659068,28.0,7.0
752,stimulus_44437.png,stimulus_44530.png,0.9868822,28.0,7.0
753,stimulus_44665.png,stimulus_44703.png,0.9825655,28.0,8.0
754,stimulus_44665.png,stimulus_44705.png,0.9832585,28.0,8.0
755,stimulus_44703.png,stimulus_44705.png,0.97911596,28.0,8.0
756,stimulus_44827.png,stimulus_44884.png,0.9761911,29.0,0.0
757,stimulus_44827.png,stimulus_44912.png,0.9457745,29.0,0.0
758,stimulus_44884.png,stimulus_44912.png,0.9704493,29.0,0.0
759,stimulus_45036.png,stimulus_45074.png,0.96065736,29.0,1.0
760,stimulus_45036.png,stimulus_45098.png,0.9631054,29.0,1.0
761,stimulus_45074.png,stimulus_45098.png,0.96767056,29.0,1.0
762,stimulus_45237.png,stimulus_45288.png,0.96674126,29.0,2.0
763,stimulus_45237.png,stimulus_45371.png,0.97472346,29.0,2.0
764,stimulus_45288.png,stimulus_45371.png,0.9757908,29.0,2.0
765,stimulus_45535.png,stimulus_45585.png,0.97001815,29.0,3.0
766,stimulus_45535.png,stimulus_45598.png,0.98141587,29.0,3.0
767,stimulus_45585.png,stimulus_45598.png,0.9804666,29.0,3.0
768,stimulus_45679.png,stimulus_45692.png,0.9856602,29.0,4.0
769,stimulus_45679.png,stimulus_45768.png,0.9651091,29.0,4.0
770,stimulus_45692.png,stimulus_45768.png,0.9729365,29.0,4.0
771,stimulus_45893.png,stimulus_45924.png,0.9791599,29.0,5.0
772,stimulus_45893.png,stimulus_45988.png,0.9305331,29.0,5.0
773,stimulus_45924.png,stimulus_45988.png,0.9730952,29.0,5.0
774,stimulus_45846.png,stimulus_45945.png,0.9883223,29.0,6.0
775,stimulus_45846.png,stimulus_45950.png,0.969568,29.0,6.0
776,stimulus_45945.png,stimulus_45950.png,0.9804784,29.0,6.0
777,stimulus_46076.png,stimulus_46148.png,0.98261285,29.0,7.0
778,stimulus_46076.png,stimulus_46171.png,0.9736159,29.0,7.0
779,stimulus_46148.png,stimulus_46171.png,0.9855196,29.0,7.0
780,stimulus_46224.png,stimulus_46309.png,0.9803963,29.0,8.0
781,stimulus_46224.png,stimulus_46397.png,0.9875009,29.0,8.0
782,stimulus_46309.png,stimulus_46397.png,0.98538995,29.0,8.0
783,stimulus_46416.png,stimulus_46478.png,0.93952763,30.0,0.0
784,stimulus_46416.png,stimulus_46556.png,0.9329181,30.0,0.0
785,stimulus_46478.png,stimulus_46556.png,0.9395739,30.0,0.0
786,stimulus_46622.png,stimulus_46743.png,0.9589546,30.0,1.0
787,stimulus_46622.png,stimulus_46790.png,0.9668498,30.0,1.0
788,stimulus_46743.png,stimulus_46790.png,0.9743312,30.0,1.0
789,stimulus_46833.png,stimulus_46862.png,0.9773878,30.0,2.0
790,stimulus_46833.png,stimulus_46974.png,0.9854686,30.0,2.0
791,stimulus_46862.png,stimulus_46974.png,0.97946525,30.0,2.0
792,stimulus_47004.png,stimulus_47121.png,0.97845435,30.0,3.0
793,stimulus_47004.png,stimulus_47156.png,0.97863865,30.0,3.0
794,stimulus_47121.png,stimulus_47156.png,0.9782347,30.0,3.0
795,stimulus_47232.png,stimulus_47332.png,0.977178,30.0,4.0
796,stimulus_47232.png,stimulus_47391.png,0.9885489,30.0,4.0
797,stimulus_47332.png,stimulus_47391.png,0.9821027,30.0,4.0
798,stimulus_47300.png,stimulus_47323.png,0.9807345,30.0,5.0
799,stimulus_47300.png,stimulus_47357.png,0.99017346,30.0,5.0
800,stimulus_47323.png,stimulus_47357.png,0.97776985,30.0,5.0
801,stimulus_47501.png,stimulus_47520.png,0.98740715,30.0,6.0
802,stimulus_47501.png,stimulus_47599.png,0.9799698,30.0,6.0
803,stimulus_47520.png,stimulus_47599.png,0.97792536,30.0,6.0
804,stimulus_47668.png,stimulus_47706.png,0.9578194,30.0,7.0
805,stimulus_47668.png,stimulus_47708.png,0.9810468,30.0,7.0
806,stimulus_47706.png,stimulus_47708.png,0.9627177,30.0,7.0
807,stimulus_47842.png,stimulus_47865.png,0.9736124,30.0,8.0
808,stimulus_47842.png,stimulus_47878.png,0.98517746,30.0,8.0
809,stimulus_47865.png,stimulus_47878.png,0.985536,30.0,8.0
810,stimulus_48021.png,stimulus_48150.png,0.97054106,31.0,0.0
811,stimulus_48021.png,stimulus_48194.png,0.95995057,31.0,0.0
812,stimulus_48150.png,stimulus_48194.png,0.9790769,31.0,0.0
813,stimulus_48201.png,stimulus_48237.png,0.9742078,31.0,1.0
814,stimulus_48201.png,stimulus_48335.png,0.9615646,31.0,1.0
815,stimulus_48237.png,stimulus_48335.png,0.9675281,31.0,1.0
816,stimulus_48410.png,stimulus_48509.png,0.9838593,31.0,2.0
817,stimulus_48410.png,stimulus_48587.png,0.9817356,31.0,2.0
818,stimulus_48509.png,stimulus_48587.png,0.968805,31.0,2.0
819,stimulus_48626.png,stimulus_48666.png,0.9708241,31.0,3.0
820,stimulus_48626.png,stimulus_48729.png,0.95614904,31.0,3.0
821,stimulus_48666.png,stimulus_48729.png,0.984251,31.0,3.0
822,stimulus_48856.png,stimulus_48907.png,0.99241227,31.0,4.0
823,stimulus_48856.png,stimulus_48983.png,0.9628712,31.0,4.0
824,stimulus_48907.png,stimulus_48983.png,0.97557807,31.0,4.0
825,stimulus_48810.png,stimulus_48813.png,0.97983515,31.0,5.0
826,stimulus_48810.png,stimulus_48876.png,0.9766559,31.0,5.0
827,stimulus_48813.png,stimulus_48876.png,0.97990507,31.0,5.0
828,stimulus_49132.png,stimulus_49168.png,0.98313135,31.0,6.0
829,stimulus_49132.png,stimulus_49190.png,0.979175,31.0,6.0
830,stimulus_49168.png,stimulus_49190.png,0.9860677,31.0,6.0
831,stimulus_49265.png,stimulus_49300.png,0.97631913,31.0,7.0
832,stimulus_49265.png,stimulus_49362.png,0.96931803,31.0,7.0
833,stimulus_49300.png,stimulus_49362.png,0.98226225,31.0,7.0
834,stimulus_49429.png,stimulus_49494.png,0.9757871,31.0,8.0
835,stimulus_49429.png,stimulus_49571.png,0.9751019,31.0,8.0
836,stimulus_49494.png,stimulus_49571.png,0.99029136,31.0,8.0
837,stimulus_49684.png,stimulus_49705.png,0.97829694,32.0,0.0
838,stimulus_49684.png,stimulus_49754.png,0.9250722,32.0,0.0
839,stimulus_49705.png,stimulus_49754.png,0.95289487,32.0,0.0
840,stimulus_49834.png,stimulus_49844.png,0.9795291,32.0,1.0
841,stimulus_49834.png,stimulus_49908.png,0.976808,32.0,1.0
842,stimulus_49844.png,stimulus_49908.png,0.9864376,32.0,1.0
843,stimulus_50081.png,stimulus_50109.png,0.96232194,32.0,2.0
844,stimulus_50081.png,stimulus_50118.png,0.9847541,32.0,2.0
845,stimulus_50109.png,stimulus_50118.png,0.97388417,32.0,2.0
846,stimulus_50251.png,stimulus_50311.png,0.9622103,32.0,3.0
847,stimulus_50251.png,stimulus_50392.png,0.9877728,32.0,3.0
848,stimulus_50311.png,stimulus_50392.png,0.9725205,32.0,3.0
849,stimulus_50460.png,stimulus_50463.png,0.98854196,32.0,4.0
850,stimulus_50460.png,stimulus_50558.png,0.9786749,32.0,4.0
851,stimulus_50463.png,stimulus_50558.png,0.9786808,32.0,4.0
852,stimulus_50589.png,stimulus_50706.png,0.95273,32.0,5.0
853,stimulus_50589.png,stimulus_50781.png,0.984411,32.0,5.0
854,stimulus_50706.png,stimulus_50781.png,0.9701216,32.0,5.0
855,stimulus_50688.png,stimulus_50710.png,0.9858635,32.0,6.0
856,stimulus_50688.png,stimulus_50779.png,0.9755284,32.0,6.0
857,stimulus_50710.png,stimulus_50779.png,0.9676766,32.0,6.0
858,stimulus_50822.png,stimulus_50870.png,0.9884405,32.0,7.0
859,stimulus_50822.png,stimulus_50973.png,0.97430885,32.0,7.0
860,stimulus_50870.png,stimulus_50973.png,0.9862979,32.0,7.0
861,stimulus_51027.png,stimulus_51084.png,0.9879563,32.0,8.0
862,stimulus_51027.png,stimulus_51118.png,0.9921151,32.0,8.0
863,stimulus_51084.png,stimulus_51118.png,0.9911667,32.0,8.0
