,image_1,image_2,cosine_similarity,numerosity_1,numerosity_2,area_diff,numerosity_comparison_type,layer
0,stimulus_644.png,stimulus_1599.png,0.9149027,1.0,1.0,135.0,same,last
1,stimulus_1107.png,stimulus_1598.png,0.9347715,1.0,1.0,60.0,same,last
2,stimulus_441.png,stimulus_499.png,0.9790946,1.0,1.0,0.0,same,last
3,stimulus_828.png,stimulus_1353.png,0.9540034,1.0,1.0,41.0,same,last
4,stimulus_487.png,stimulus_581.png,0.979221,1.0,1.0,10.0,same,last
5,stimulus_65.png,stimulus_1113.png,0.8565549,1.0,1.0,152.0,same,last
6,stimulus_1050.png,stimulus_1292.png,0.9802217,1.0,1.0,29.0,same,last
7,stimulus_1183.png,stimulus_1314.png,0.91000235,1.0,1.0,29.0,same,last
8,stimulus_506.png,stimulus_1519.png,0.9160068,1.0,1.0,182.0,same,last
9,stimulus_657.png,stimulus_844.png,0.9610189,1.0,1.0,24.0,same,last
10,stimulus_1838.png,stimulus_2459.png,0.9618709,2.0,2.0,96.0,same,last
11,stimulus_1759.png,stimulus_2742.png,0.7599637,2.0,2.0,154.0,same,last
12,stimulus_2681.png,stimulus_3062.png,0.94098157,2.0,2.0,63.0,same,last
13,stimulus_1850.png,stimulus_2394.png,0.9268744,2.0,2.0,67.0,same,last
14,stimulus_1915.png,stimulus_2729.png,0.83679956,2.0,2.0,115.0,same,last
15,stimulus_2536.png,stimulus_2590.png,0.9899008,2.0,2.0,0.0,same,last
16,stimulus_2561.png,stimulus_2867.png,0.9547034,2.0,2.0,57.0,same,last
17,stimulus_2313.png,stimulus_3151.png,0.86613077,2.0,2.0,117.0,same,last
18,stimulus_2505.png,stimulus_3128.png,0.9505902,2.0,2.0,100.0,same,last
19,stimulus_1661.png,stimulus_2910.png,0.81370616,2.0,2.0,199.0,same,last
20,stimulus_4302.png,stimulus_4532.png,0.9029738,3.0,3.0,17.0,same,last
21,stimulus_3422.png,stimulus_3966.png,0.932479,3.0,3.0,70.0,same,last
22,stimulus_4023.png,stimulus_4561.png,0.9689604,3.0,3.0,63.0,same,last
23,stimulus_3389.png,stimulus_4676.png,0.7926198,3.0,3.0,223.0,same,last
24,stimulus_3231.png,stimulus_3438.png,0.8439629,3.0,3.0,32.0,same,last
25,stimulus_3438.png,stimulus_4085.png,0.9081279,3.0,3.0,96.0,same,last
26,stimulus_4350.png,stimulus_4394.png,0.9365062,3.0,3.0,0.0,same,last
27,stimulus_3693.png,stimulus_4678.png,0.91119426,3.0,3.0,150.0,same,last
28,stimulus_3349.png,stimulus_4552.png,0.80147916,3.0,3.0,187.0,same,last
29,stimulus_3344.png,stimulus_4092.png,0.7250131,3.0,3.0,124.0,same,last
30,stimulus_5095.png,stimulus_6057.png,0.8935068,4.0,4.0,159.0,same,last
31,stimulus_4992.png,stimulus_5945.png,0.77187407,4.0,4.0,165.0,same,last
32,stimulus_5259.png,stimulus_5833.png,0.92064524,4.0,4.0,98.0,same,last
33,stimulus_4929.png,stimulus_5150.png,0.9207981,4.0,4.0,36.0,same,last
34,stimulus_5486.png,stimulus_5823.png,0.94606113,4.0,4.0,65.0,same,last
35,stimulus_4948.png,stimulus_5580.png,0.82884014,4.0,4.0,89.0,same,last
36,stimulus_5408.png,stimulus_5486.png,0.9790762,4.0,4.0,9.0,same,last
37,stimulus_5567.png,stimulus_6193.png,0.9334482,4.0,4.0,90.0,same,last
38,stimulus_5968.png,stimulus_6015.png,0.88946736,4.0,4.0,22.0,same,last
39,stimulus_5383.png,stimulus_6025.png,0.8924675,4.0,4.0,129.0,same,last
40,stimulus_7083.png,stimulus_7429.png,0.89988124,5.0,5.0,63.0,same,last
41,stimulus_6750.png,stimulus_7654.png,0.8634872,5.0,5.0,160.0,same,last
42,stimulus_7153.png,stimulus_7280.png,0.9050394,5.0,5.0,33.0,same,last
43,stimulus_6559.png,stimulus_6831.png,0.8705375,5.0,5.0,67.0,same,last
44,stimulus_7492.png,stimulus_7646.png,0.90536743,5.0,5.0,26.0,same,last
45,stimulus_6609.png,stimulus_6821.png,0.95583236,5.0,5.0,27.0,same,last
46,stimulus_6931.png,stimulus_7409.png,0.9319113,5.0,5.0,101.0,same,last
47,stimulus_7300.png,stimulus_7758.png,0.86642694,5.0,5.0,68.0,same,last
48,stimulus_7359.png,stimulus_7592.png,0.92592657,5.0,5.0,37.0,same,last
49,stimulus_6540.png,stimulus_6688.png,0.87038505,5.0,5.0,31.0,same,last
50,stimulus_8226.png,stimulus_8653.png,0.9696842,6.0,6.0,60.0,same,last
51,stimulus_8915.png,stimulus_8977.png,0.97768915,6.0,6.0,5.0,same,last
52,stimulus_8121.png,stimulus_9295.png,0.73043275,6.0,6.0,202.0,same,last
53,stimulus_8075.png,stimulus_8232.png,0.9257602,6.0,6.0,37.0,same,last
54,stimulus_9253.png,stimulus_9544.png,0.96305954,6.0,6.0,25.0,same,last
55,stimulus_8785.png,stimulus_8902.png,0.8824826,6.0,6.0,34.0,same,last
56,stimulus_8041.png,stimulus_8609.png,0.8377905,6.0,6.0,94.0,same,last
57,stimulus_8442.png,stimulus_9287.png,0.9080689,6.0,6.0,126.0,same,last
58,stimulus_8127.png,stimulus_8483.png,0.8424876,6.0,6.0,65.0,same,last
59,stimulus_8281.png,stimulus_8396.png,0.9665967,6.0,6.0,1.0,same,last
60,stimulus_9652.png,stimulus_9913.png,0.9517324,7.0,7.0,31.0,same,last
61,stimulus_11043.png,stimulus_11195.png,0.96714467,7.0,7.0,0.0,same,last
62,stimulus_10480.png,stimulus_10956.png,0.9617248,7.0,7.0,63.0,same,last
63,stimulus_10071.png,stimulus_10496.png,0.9356943,7.0,7.0,64.0,same,last
64,stimulus_10963.png,stimulus_11113.png,0.97516215,7.0,7.0,23.0,same,last
65,stimulus_9983.png,stimulus_10046.png,0.9111259,7.0,7.0,28.0,same,last
66,stimulus_10053.png,stimulus_10763.png,0.86453444,7.0,7.0,95.0,same,last
67,stimulus_10205.png,stimulus_10234.png,0.97251266,7.0,7.0,0.0,same,last
68,stimulus_10723.png,stimulus_10777.png,0.98461217,7.0,7.0,0.0,same,last
69,stimulus_9679.png,stimulus_10929.png,0.77562964,7.0,7.0,195.0,same,last
70,stimulus_11790.png,stimulus_11860.png,0.8887511,8.0,8.0,33.0,same,last
71,stimulus_12123.png,stimulus_12238.png,0.9477947,8.0,8.0,33.0,same,last
72,stimulus_11447.png,stimulus_12795.png,0.8447064,8.0,8.0,197.0,same,last
73,stimulus_11422.png,stimulus_12582.png,0.90422213,8.0,8.0,161.0,same,last
74,stimulus_11267.png,stimulus_11680.png,0.8821769,8.0,8.0,60.0,same,last
75,stimulus_12378.png,stimulus_12547.png,0.97857195,8.0,8.0,30.0,same,last
76,stimulus_11300.png,stimulus_12352.png,0.76649916,8.0,8.0,164.0,same,last
77,stimulus_11387.png,stimulus_12049.png,0.8081055,8.0,8.0,131.0,same,last
78,stimulus_11448.png,stimulus_12639.png,0.834188,8.0,8.0,190.0,same,last
79,stimulus_12170.png,stimulus_12291.png,0.9359374,8.0,8.0,33.0,same,last
80,stimulus_13550.png,stimulus_14250.png,0.9405153,9.0,9.0,122.0,same,last
81,stimulus_12964.png,stimulus_13980.png,0.7748249,9.0,9.0,159.0,same,last
82,stimulus_12927.png,stimulus_13889.png,0.67338395,9.0,9.0,160.0,same,last
83,stimulus_14108.png,stimulus_14246.png,0.9460051,9.0,9.0,27.0,same,last
84,stimulus_13587.png,stimulus_14165.png,0.9398357,9.0,9.0,87.0,same,last
85,stimulus_13043.png,stimulus_13965.png,0.9206055,9.0,9.0,124.0,same,last
86,stimulus_13638.png,stimulus_13727.png,0.9652591,9.0,9.0,7.0,same,last
87,stimulus_13168.png,stimulus_13849.png,0.9235265,9.0,9.0,128.0,same,last
88,stimulus_13110.png,stimulus_13509.png,0.9553604,9.0,9.0,65.0,same,last
89,stimulus_13096.png,stimulus_13993.png,0.87609935,9.0,9.0,130.0,same,last
90,stimulus_15047.png,stimulus_15252.png,0.9409567,10.0,10.0,29.0,same,last
91,stimulus_14570.png,stimulus_15323.png,0.78693885,10.0,10.0,130.0,same,last
92,stimulus_14568.png,stimulus_15290.png,0.6404452,10.0,10.0,128.0,same,last
93,stimulus_15812.png,stimulus_15897.png,0.96913534,10.0,10.0,5.0,same,last
94,stimulus_14747.png,stimulus_15702.png,0.87819046,10.0,10.0,157.0,same,last
95,stimulus_14561.png,stimulus_15649.png,0.7438539,10.0,10.0,190.0,same,last
96,stimulus_14474.png,stimulus_15653.png,0.6357585,10.0,10.0,194.0,same,last
97,stimulus_14415.png,stimulus_14941.png,0.7700385,10.0,10.0,64.0,same,last
98,stimulus_15462.png,stimulus_15748.png,0.91836643,10.0,10.0,29.0,same,last
99,stimulus_14963.png,stimulus_15538.png,0.95410323,10.0,10.0,97.0,same,last
100,stimulus_16545.png,stimulus_16830.png,0.90467775,11.0,11.0,65.0,same,last
101,stimulus_16640.png,stimulus_17180.png,0.96417713,11.0,11.0,65.0,same,last
102,stimulus_16175.png,stimulus_17093.png,0.72229916,11.0,11.0,161.0,same,last
103,stimulus_16379.png,stimulus_17419.png,0.8617287,11.0,11.0,189.0,same,last
104,stimulus_16028.png,stimulus_16937.png,0.75691164,11.0,11.0,128.0,same,last
105,stimulus_16251.png,stimulus_16864.png,0.95297444,11.0,11.0,97.0,same,last
106,stimulus_17277.png,stimulus_17481.png,0.97005457,11.0,11.0,32.0,same,last
107,stimulus_16371.png,stimulus_16387.png,0.9774898,11.0,11.0,3.0,same,last
108,stimulus_16652.png,stimulus_17274.png,0.9479842,11.0,11.0,94.0,same,last
109,stimulus_16318.png,stimulus_17075.png,0.90803117,11.0,11.0,124.0,same,last
110,stimulus_17659.png,stimulus_18982.png,0.6112468,12.0,12.0,189.0,same,last
111,stimulus_18341.png,stimulus_18396.png,0.97068036,12.0,12.0,2.0,same,last
112,stimulus_17871.png,stimulus_18314.png,0.8822767,12.0,12.0,64.0,same,last
113,stimulus_18474.png,stimulus_19116.png,0.94680923,12.0,12.0,95.0,same,last
114,stimulus_17816.png,stimulus_17950.png,0.9620864,12.0,12.0,2.0,same,last
115,stimulus_18527.png,stimulus_18711.png,0.95176256,12.0,12.0,28.0,same,last
116,stimulus_17850.png,stimulus_17966.png,0.94760287,12.0,12.0,3.0,same,last
117,stimulus_17641.png,stimulus_18175.png,0.7900542,12.0,12.0,64.0,same,last
118,stimulus_17666.png,stimulus_18822.png,0.77148336,12.0,12.0,189.0,same,last
119,stimulus_18092.png,stimulus_18781.png,0.93907857,12.0,12.0,100.0,same,last
120,stimulus_20079.png,stimulus_20556.png,0.9744812,13.0,13.0,69.0,same,last
121,stimulus_19952.png,stimulus_20292.png,0.9657241,13.0,13.0,65.0,same,last
122,stimulus_19750.png,stimulus_20785.png,0.9415552,13.0,13.0,158.0,same,last
123,stimulus_20044.png,stimulus_20317.png,0.97791994,13.0,13.0,31.0,same,last
124,stimulus_19553.png,stimulus_20431.png,0.88957894,13.0,13.0,160.0,same,last
125,stimulus_20279.png,stimulus_20760.png,0.930737,13.0,13.0,60.0,same,last
126,stimulus_19341.png,stimulus_20272.png,0.58886164,13.0,13.0,161.0,same,last
127,stimulus_20378.png,stimulus_20720.png,0.97493076,13.0,13.0,67.0,same,last
128,stimulus_19773.png,stimulus_19902.png,0.9762935,13.0,13.0,34.0,same,last
129,stimulus_20234.png,stimulus_20496.png,0.9536727,13.0,13.0,34.0,same,last
130,stimulus_20894.png,stimulus_21148.png,0.8799597,14.0,14.0,32.0,same,last
131,stimulus_21845.png,stimulus_22226.png,0.9626421,14.0,14.0,62.0,same,last
132,stimulus_21037.png,stimulus_21098.png,0.9491581,14.0,14.0,2.0,same,last
133,stimulus_21413.png,stimulus_21714.png,0.9585758,14.0,14.0,31.0,same,last
134,stimulus_21042.png,stimulus_21988.png,0.88592184,14.0,14.0,127.0,same,last
135,stimulus_20937.png,stimulus_21804.png,0.7393481,14.0,14.0,157.0,same,last
136,stimulus_21293.png,stimulus_21517.png,0.97763705,14.0,14.0,33.0,same,last
137,stimulus_21344.png,stimulus_22144.png,0.94913965,14.0,14.0,128.0,same,last
138,stimulus_21413.png,stimulus_21462.png,0.95660347,14.0,14.0,3.0,same,last
139,stimulus_21942.png,stimulus_22285.png,0.97956085,14.0,14.0,65.0,same,last
140,stimulus_22531.png,stimulus_23255.png,0.7152477,15.0,15.0,126.0,same,last
141,stimulus_23343.png,stimulus_23348.png,0.97159934,15.0,15.0,0.0,same,last
142,stimulus_23320.png,stimulus_23357.png,0.9711296,15.0,15.0,3.0,same,last
143,stimulus_23162.png,stimulus_23511.png,0.9596741,15.0,15.0,67.0,same,last
144,stimulus_22858.png,stimulus_23565.png,0.95146525,15.0,15.0,99.0,same,last
145,stimulus_23353.png,stimulus_23879.png,0.9378909,15.0,15.0,94.0,same,last
146,stimulus_22785.png,stimulus_23625.png,0.8518517,15.0,15.0,160.0,same,last
147,stimulus_22668.png,stimulus_23545.png,0.86807907,15.0,15.0,129.0,same,last
148,stimulus_23072.png,stimulus_23576.png,0.96507365,15.0,15.0,67.0,same,last
149,stimulus_22522.png,stimulus_23659.png,0.629338,15.0,15.0,189.0,same,last
150,stimulus_24660.png,stimulus_24755.png,0.970957,16.0,16.0,2.0,same,last
151,stimulus_24020.png,stimulus_25064.png,0.73342377,16.0,16.0,157.0,same,last
152,stimulus_24447.png,stimulus_24699.png,0.9452325,16.0,16.0,27.0,same,last
153,stimulus_24845.png,stimulus_25503.png,0.964296,16.0,16.0,90.0,same,last
154,stimulus_24245.png,stimulus_25240.png,0.8181456,16.0,16.0,157.0,same,last
155,stimulus_25076.png,stimulus_25162.png,0.9313742,16.0,16.0,2.0,same,last
156,stimulus_24754.png,stimulus_25419.png,0.94577956,16.0,16.0,127.0,same,last
157,stimulus_24709.png,stimulus_25412.png,0.9375282,16.0,16.0,131.0,same,last
158,stimulus_24650.png,stimulus_25200.png,0.961249,16.0,16.0,95.0,same,last
159,stimulus_24549.png,stimulus_25575.png,0.92857546,16.0,16.0,166.0,same,last
160,stimulus_26392.png,stimulus_26875.png,0.94864035,17.0,17.0,96.0,same,last
161,stimulus_25702.png,stimulus_26012.png,0.77512217,17.0,17.0,64.0,same,last
162,stimulus_25770.png,stimulus_26367.png,0.6335148,17.0,17.0,96.0,same,last
163,stimulus_26582.png,stimulus_26672.png,0.98236483,17.0,17.0,33.0,same,last
164,stimulus_25799.png,stimulus_26405.png,0.69695246,17.0,17.0,130.0,same,last
165,stimulus_26111.png,stimulus_27093.png,0.90747714,17.0,17.0,158.0,same,last
166,stimulus_26653.png,stimulus_26752.png,0.9872421,17.0,17.0,4.0,same,last
167,stimulus_26476.png,stimulus_27021.png,0.9473859,17.0,17.0,94.0,same,last
168,stimulus_25691.png,stimulus_25831.png,0.8768822,17.0,17.0,30.0,same,last
169,stimulus_26558.png,stimulus_27146.png,0.9570651,17.0,17.0,97.0,same,last
170,stimulus_27622.png,stimulus_28392.png,0.95350647,18.0,18.0,99.0,same,last
171,stimulus_28113.png,stimulus_28253.png,0.98448867,18.0,18.0,33.0,same,last
172,stimulus_27772.png,stimulus_28276.png,0.92551994,18.0,18.0,96.0,same,last
173,stimulus_27206.png,stimulus_28523.png,0.64342606,18.0,18.0,190.0,same,last
174,stimulus_27439.png,stimulus_27519.png,0.986398,18.0,18.0,1.0,same,last
175,stimulus_27452.png,stimulus_27551.png,0.97272325,18.0,18.0,0.0,same,last
176,stimulus_27366.png,stimulus_28254.png,0.70137507,18.0,18.0,158.0,same,last
177,stimulus_27403.png,stimulus_27801.png,0.9223416,18.0,18.0,63.0,same,last
178,stimulus_27795.png,stimulus_28572.png,0.9216309,18.0,18.0,134.0,same,last
179,stimulus_28093.png,stimulus_28772.png,0.961889,18.0,18.0,95.0,same,last
180,stimulus_29785.png,stimulus_30134.png,0.9162584,19.0,19.0,65.0,same,last
181,stimulus_29181.png,stimulus_30002.png,0.7807547,19.0,19.0,157.0,same,last
182,stimulus_29025.png,stimulus_29880.png,0.8635299,19.0,19.0,126.0,same,last
183,stimulus_28942.png,stimulus_29677.png,0.7181527,19.0,19.0,131.0,same,last
184,stimulus_29058.png,stimulus_29825.png,0.8737612,19.0,19.0,129.0,same,last
185,stimulus_29206.png,stimulus_30041.png,0.94506025,19.0,19.0,122.0,same,last
186,stimulus_28810.png,stimulus_30092.png,0.68973935,19.0,19.0,191.0,same,last
187,stimulus_29006.png,stimulus_29473.png,0.89218986,19.0,19.0,63.0,same,last
188,stimulus_29254.png,stimulus_29643.png,0.9466014,19.0,19.0,64.0,same,last
189,stimulus_29071.png,stimulus_30031.png,0.85276234,19.0,19.0,160.0,same,last
190,stimulus_30827.png,stimulus_31688.png,0.89412236,20.0,20.0,127.0,same,last
191,stimulus_31086.png,stimulus_31343.png,0.96458805,20.0,20.0,36.0,same,last
192,stimulus_30809.png,stimulus_31138.png,0.9651134,20.0,20.0,33.0,same,last
193,stimulus_30556.png,stimulus_31600.png,0.61363184,20.0,20.0,192.0,same,last
194,stimulus_30409.png,stimulus_31079.png,0.7145438,20.0,20.0,96.0,same,last
195,stimulus_30431.png,stimulus_30539.png,0.9881216,20.0,20.0,0.0,same,last
196,stimulus_30794.png,stimulus_31339.png,0.8836304,20.0,20.0,91.0,same,last
197,stimulus_31121.png,stimulus_31208.png,0.96812046,20.0,20.0,35.0,same,last
198,stimulus_30557.png,stimulus_30899.png,0.76225936,20.0,20.0,66.0,same,last
199,stimulus_31442.png,stimulus_31951.png,0.9656609,20.0,20.0,63.0,same,last
200,stimulus_32545.png,stimulus_33580.png,0.8806716,21.0,21.0,160.0,same,last
201,stimulus_33104.png,stimulus_33508.png,0.9451851,21.0,21.0,66.0,same,last
202,stimulus_32316.png,stimulus_33275.png,0.8154688,21.0,21.0,157.0,same,last
203,stimulus_32476.png,stimulus_33529.png,0.86729544,21.0,21.0,161.0,same,last
204,stimulus_32114.png,stimulus_32550.png,0.8090981,21.0,21.0,62.0,same,last
205,stimulus_32001.png,stimulus_32563.png,0.7796624,21.0,21.0,63.0,same,last
206,stimulus_32494.png,stimulus_32881.png,0.94326746,21.0,21.0,63.0,same,last
207,stimulus_32190.png,stimulus_32209.png,0.934028,21.0,21.0,33.0,same,last
208,stimulus_32028.png,stimulus_32377.png,0.8990741,21.0,21.0,32.0,same,last
209,stimulus_32261.png,stimulus_32848.png,0.8228849,21.0,21.0,97.0,same,last
210,stimulus_33645.png,stimulus_34052.png,0.8311264,22.0,22.0,67.0,same,last
211,stimulus_34585.png,stimulus_34906.png,0.977229,22.0,22.0,62.0,same,last
212,stimulus_33879.png,stimulus_34138.png,0.8949798,22.0,22.0,31.0,same,last
213,stimulus_34413.png,stimulus_34833.png,0.9800934,22.0,22.0,67.0,same,last
214,stimulus_34156.png,stimulus_34568.png,0.9511021,22.0,22.0,60.0,same,last
215,stimulus_33746.png,stimulus_34806.png,0.55853754,22.0,22.0,191.0,same,last
216,stimulus_34885.png,stimulus_34921.png,0.9880047,22.0,22.0,1.0,same,last
217,stimulus_33890.png,stimulus_35028.png,0.76151246,22.0,22.0,191.0,same,last
218,stimulus_34186.png,stimulus_34276.png,0.97297776,22.0,22.0,30.0,same,last
219,stimulus_34905.png,stimulus_35081.png,0.97989976,22.0,22.0,31.0,same,last
220,stimulus_36218.png,stimulus_36713.png,0.9691463,23.0,23.0,61.0,same,last
221,stimulus_35732.png,stimulus_36517.png,0.91847193,23.0,23.0,129.0,same,last
222,stimulus_36038.png,stimulus_36099.png,0.97496617,23.0,23.0,2.0,same,last
223,stimulus_35810.png,stimulus_35857.png,0.9899677,23.0,23.0,3.0,same,last
224,stimulus_36354.png,stimulus_36532.png,0.95093596,23.0,23.0,33.0,same,last
225,stimulus_35976.png,stimulus_36156.png,0.95381624,23.0,23.0,35.0,same,last
226,stimulus_36398.png,stimulus_36712.png,0.96647245,23.0,23.0,65.0,same,last
227,stimulus_35294.png,stimulus_35812.png,0.7305985,23.0,23.0,96.0,same,last
228,stimulus_36338.png,stimulus_36601.png,0.9634799,23.0,23.0,64.0,same,last
229,stimulus_36089.png,stimulus_36391.png,0.9299654,23.0,23.0,34.0,same,last
230,stimulus_37248.png,stimulus_37841.png,0.9448792,24.0,24.0,98.0,same,last
231,stimulus_37265.png,stimulus_37587.png,0.9656019,24.0,24.0,35.0,same,last
232,stimulus_36826.png,stimulus_36848.png,0.9623831,24.0,24.0,1.0,same,last
233,stimulus_36895.png,stimulus_38155.png,0.6367372,24.0,24.0,192.0,same,last
234,stimulus_37161.png,stimulus_37977.png,0.8160202,24.0,24.0,126.0,same,last
235,stimulus_37112.png,stimulus_37260.png,0.90551037,24.0,24.0,30.0,same,last
236,stimulus_36810.png,stimulus_37893.png,0.62832844,24.0,24.0,158.0,same,last
237,stimulus_37148.png,stimulus_37327.png,0.90228295,24.0,24.0,31.0,same,last
238,stimulus_37574.png,stimulus_38262.png,0.9316157,24.0,24.0,122.0,same,last
239,stimulus_37841.png,stimulus_38165.png,0.98531294,24.0,24.0,28.0,same,last
240,stimulus_38831.png,stimulus_39147.png,0.96266294,25.0,25.0,29.0,same,last
241,stimulus_39395.png,stimulus_39940.png,0.9619801,25.0,25.0,96.0,same,last
242,stimulus_38560.png,stimulus_39427.png,0.6019194,25.0,25.0,160.0,same,last
243,stimulus_38844.png,stimulus_39195.png,0.98030025,25.0,25.0,31.0,same,last
244,stimulus_39052.png,stimulus_39625.png,0.95364237,25.0,25.0,96.0,same,last
245,stimulus_38895.png,stimulus_39454.png,0.9003357,25.0,25.0,101.0,same,last
246,stimulus_39144.png,stimulus_39869.png,0.96392536,25.0,25.0,128.0,same,last
247,stimulus_39525.png,stimulus_39662.png,0.9816671,25.0,25.0,36.0,same,last
248,stimulus_39419.png,stimulus_39579.png,0.98084486,25.0,25.0,0.0,same,last
249,stimulus_39446.png,stimulus_39675.png,0.9621741,25.0,25.0,31.0,same,last
250,stimulus_41100.png,stimulus_41216.png,0.9904586,26.0,26.0,27.0,same,last
251,stimulus_40074.png,stimulus_41333.png,0.57225716,26.0,26.0,190.0,same,last
252,stimulus_40651.png,stimulus_40937.png,0.974295,26.0,26.0,33.0,same,last
253,stimulus_41352.png,stimulus_41583.png,0.9850207,26.0,26.0,33.0,same,last
254,stimulus_40303.png,stimulus_40650.png,0.83341837,26.0,26.0,66.0,same,last
255,stimulus_40877.png,stimulus_41155.png,0.98296845,26.0,26.0,34.0,same,last
256,stimulus_40970.png,stimulus_41076.png,0.9783062,26.0,26.0,33.0,same,last
257,stimulus_40211.png,stimulus_41469.png,0.8033856,26.0,26.0,191.0,same,last
258,stimulus_40903.png,stimulus_41427.png,0.97043455,26.0,26.0,100.0,same,last
259,stimulus_40030.png,stimulus_40073.png,0.94110215,26.0,26.0,1.0,same,last
260,stimulus_41998.png,stimulus_42196.png,0.929817,27.0,27.0,31.0,same,last
261,stimulus_42012.png,stimulus_42781.png,0.89620805,27.0,27.0,95.0,same,last
262,stimulus_42884.png,stimulus_43117.png,0.98014313,27.0,27.0,34.0,same,last
263,stimulus_42058.png,stimulus_42659.png,0.92848134,27.0,27.0,94.0,same,last
264,stimulus_42860.png,stimulus_43005.png,0.96216,27.0,27.0,31.0,same,last
265,stimulus_41664.png,stimulus_43021.png,0.6112817,27.0,27.0,223.0,same,last
266,stimulus_42858.png,stimulus_43187.png,0.98060083,27.0,27.0,28.0,same,last
267,stimulus_42030.png,stimulus_43047.png,0.8598919,27.0,27.0,158.0,same,last
268,stimulus_42015.png,stimulus_42843.png,0.91933876,27.0,27.0,126.0,same,last
269,stimulus_42325.png,stimulus_42468.png,0.96708506,27.0,27.0,34.0,same,last
270,stimulus_44134.png,stimulus_44414.png,0.9704751,28.0,28.0,62.0,same,last
271,stimulus_43223.png,stimulus_43655.png,0.81500745,28.0,28.0,63.0,same,last
272,stimulus_43337.png,stimulus_43594.png,0.92484665,28.0,28.0,32.0,same,last
273,stimulus_43209.png,stimulus_43320.png,0.9803754,28.0,28.0,0.0,same,last
274,stimulus_43825.png,stimulus_44152.png,0.9588279,28.0,28.0,33.0,same,last
275,stimulus_43285.png,stimulus_44447.png,0.69021165,28.0,28.0,191.0,same,last
276,stimulus_43512.png,stimulus_44717.png,0.72713274,28.0,28.0,195.0,same,last
277,stimulus_43343.png,stimulus_43719.png,0.8234483,28.0,28.0,63.0,same,last
278,stimulus_44138.png,stimulus_44678.png,0.951221,28.0,28.0,94.0,same,last
279,stimulus_43332.png,stimulus_43518.png,0.92654717,28.0,28.0,30.0,same,last
280,stimulus_45712.png,stimulus_46074.png,0.9657756,29.0,29.0,64.0,same,last
281,stimulus_45379.png,stimulus_45595.png,0.9312623,29.0,29.0,31.0,same,last
282,stimulus_45852.png,stimulus_45947.png,0.98375285,29.0,29.0,0.0,same,last
283,stimulus_45291.png,stimulus_45932.png,0.90912336,29.0,29.0,91.0,same,last
284,stimulus_44982.png,stimulus_46060.png,0.6331751,29.0,29.0,190.0,same,last
285,stimulus_45061.png,stimulus_45925.png,0.7522914,29.0,29.0,129.0,same,last
286,stimulus_45706.png,stimulus_45822.png,0.9809981,29.0,29.0,31.0,same,last
287,stimulus_44836.png,stimulus_45079.png,0.8979752,29.0,29.0,32.0,same,last
288,stimulus_45332.png,stimulus_46108.png,0.9063983,29.0,29.0,130.0,same,last
289,stimulus_45165.png,stimulus_45577.png,0.86174315,29.0,29.0,65.0,same,last
290,stimulus_46755.png,stimulus_46829.png,0.9247407,30.0,30.0,32.0,same,last
291,stimulus_46485.png,stimulus_46860.png,0.77564055,30.0,30.0,65.0,same,last
292,stimulus_47076.png,stimulus_47840.png,0.94486994,30.0,30.0,128.0,same,last
293,stimulus_46475.png,stimulus_47715.png,0.6257184,30.0,30.0,189.0,same,last
294,stimulus_47182.png,stimulus_47899.png,0.9327135,30.0,30.0,126.0,same,last
295,stimulus_47244.png,stimulus_47446.png,0.9769051,30.0,30.0,30.0,same,last
296,stimulus_46898.png,stimulus_47480.png,0.9105611,30.0,30.0,96.0,same,last
297,stimulus_46917.png,stimulus_46923.png,0.9840988,30.0,30.0,1.0,same,last
298,stimulus_46673.png,stimulus_46885.png,0.9078642,30.0,30.0,30.0,same,last
299,stimulus_47963.png,stimulus_47993.png,0.97560865,30.0,30.0,2.0,same,last
300,stimulus_48200.png,stimulus_48397.png,0.943339,31.0,31.0,1.0,same,last
301,stimulus_49097.png,stimulus_49335.png,0.9768182,31.0,31.0,34.0,same,last
302,stimulus_48675.png,stimulus_48785.png,0.9765637,31.0,31.0,2.0,same,last
303,stimulus_48556.png,stimulus_49346.png,0.84920704,31.0,31.0,128.0,same,last
304,stimulus_48203.png,stimulus_49023.png,0.7404548,31.0,31.0,127.0,same,last
305,stimulus_48552.png,stimulus_48669.png,0.9464608,31.0,31.0,34.0,same,last
306,stimulus_48332.png,stimulus_48485.png,0.9395638,31.0,31.0,32.0,same,last
307,stimulus_48459.png,stimulus_48519.png,0.97902685,31.0,31.0,0.0,same,last
308,stimulus_48403.png,stimulus_49111.png,0.9304788,31.0,31.0,98.0,same,last
309,stimulus_48461.png,stimulus_48536.png,0.98053765,31.0,31.0,1.0,same,last
310,stimulus_50730.png,stimulus_50783.png,0.98901355,32.0,32.0,1.0,same,last
311,stimulus_50490.png,stimulus_50787.png,0.9839082,32.0,32.0,32.0,same,last
312,stimulus_49620.png,stimulus_50625.png,0.6370217,32.0,32.0,158.0,same,last
313,stimulus_49722.png,stimulus_50156.png,0.8273252,32.0,32.0,64.0,same,last
314,stimulus_50063.png,stimulus_50823.png,0.8469775,32.0,32.0,129.0,same,last
315,stimulus_50189.png,stimulus_51081.png,0.8709794,32.0,32.0,157.0,same,last
316,stimulus_50026.png,stimulus_50487.png,0.9050616,32.0,32.0,61.0,same,last
317,stimulus_49634.png,stimulus_50136.png,0.839141,32.0,32.0,62.0,same,last
318,stimulus_49861.png,stimulus_50043.png,0.9569808,32.0,32.0,31.0,same,last
319,stimulus_49790.png,stimulus_50692.png,0.6773891,32.0,32.0,160.0,same,last
320,stimulus_15252.png,stimulus_28113.png,0.9661959,10.0,18.0,4.0,different,last
321,stimulus_11422.png,stimulus_15047.png,0.8792032,8.0,10.0,63.0,different,last
322,stimulus_8785.png,stimulus_26558.png,0.87924904,6.0,17.0,36.0,different,last
323,stimulus_13550.png,stimulus_27452.png,0.8698557,9.0,18.0,66.0,different,last
324,stimulus_23072.png,stimulus_30041.png,0.96368384,15.0,19.0,97.0,different,last
325,stimulus_4929.png,stimulus_44152.png,0.6857101,4.0,28.0,126.0,different,last
326,stimulus_6831.png,stimulus_28772.png,0.8221085,5.0,18.0,156.0,different,last
327,stimulus_25200.png,stimulus_38165.png,0.95956147,16.0,24.0,3.0,different,last
328,stimulus_10963.png,stimulus_45712.png,0.8402479,7.0,29.0,68.0,different,last
329,stimulus_33104.png,stimulus_48556.png,0.8252864,21.0,31.0,94.0,different,last
330,stimulus_3966.png,stimulus_14941.png,0.689996,3.0,10.0,31.0,different,last
331,stimulus_7280.png,stimulus_30431.png,0.66430396,5.0,20.0,130.0,different,last
332,stimulus_10956.png,stimulus_45947.png,0.8620179,7.0,29.0,33.0,different,last
333,stimulus_31121.png,stimulus_33508.png,0.9464155,20.0,21.0,128.0,different,last
334,stimulus_7592.png,stimulus_12547.png,0.9086081,5.0,8.0,26.0,different,last
335,stimulus_17277.png,stimulus_20279.png,0.9640825,11.0,13.0,34.0,different,last
336,stimulus_28392.png,stimulus_30002.png,0.9509884,18.0,19.0,30.0,different,last
337,stimulus_499.png,stimulus_43512.png,0.49571818,1.0,28.0,27.0,different,last
338,stimulus_28523.png,stimulus_40303.png,0.76160455,18.0,26.0,159.0,different,last
339,stimulus_6931.png,stimulus_15290.png,0.8443811,5.0,10.0,68.0,different,last
340,stimulus_31600.png,stimulus_45291.png,0.8619173,20.0,29.0,124.0,different,last
341,stimulus_15812.png,stimulus_29473.png,0.92451084,10.0,19.0,128.0,different,last
342,stimulus_13509.png,stimulus_26875.png,0.9342141,9.0,17.0,95.0,different,last
343,stimulus_4394.png,stimulus_14568.png,0.6641624,3.0,10.0,160.0,different,last
344,stimulus_12123.png,stimulus_37841.png,0.9187318,8.0,24.0,31.0,different,last
345,stimulus_46885.png,stimulus_47899.png,0.8978975,30.0,30.0,160.0,same,last
346,stimulus_14963.png,stimulus_29825.png,0.93541104,10.0,19.0,100.0,different,last
347,stimulus_5580.png,stimulus_15047.png,0.79586744,4.0,10.0,5.0,different,last
348,stimulus_13965.png,stimulus_39052.png,0.90330726,9.0,25.0,62.0,different,last
349,stimulus_21413.png,stimulus_28392.png,0.95980686,14.0,18.0,68.0,different,last
350,stimulus_1850.png,stimulus_2742.png,0.87288904,2.0,2.0,129.0,same,last
351,stimulus_1661.png,stimulus_23353.png,0.55723137,2.0,15.0,130.0,different,last
352,stimulus_16251.png,stimulus_21037.png,0.94141346,11.0,14.0,0.0,different,last
353,stimulus_16251.png,stimulus_18822.png,0.90630114,11.0,12.0,158.0,different,last
354,stimulus_4561.png,stimulus_49097.png,0.6135362,3.0,31.0,26.0,different,last
355,stimulus_11195.png,stimulus_33275.png,0.86167926,7.0,21.0,37.0,different,last
356,stimulus_13096.png,stimulus_27366.png,0.8587391,9.0,18.0,29.0,different,last
357,stimulus_7153.png,stimulus_35732.png,0.7900948,5.0,23.0,34.0,different,last
358,stimulus_4552.png,stimulus_12795.png,0.8035404,3.0,8.0,43.0,different,last
359,stimulus_32563.png,stimulus_42858.png,0.8918573,21.0,27.0,129.0,different,last
360,stimulus_13168.png,stimulus_37260.png,0.8747897,9.0,24.0,32.0,different,last
361,stimulus_15649.png,stimulus_34568.png,0.8689121,10.0,22.0,66.0,different,last
362,stimulus_4350.png,stimulus_11860.png,0.8422861,3.0,8.0,64.0,different,last
363,stimulus_25702.png,stimulus_49634.png,0.8754946,17.0,32.0,0.0,different,last
364,stimulus_17277.png,stimulus_30041.png,0.9436867,11.0,19.0,2.0,different,last
365,stimulus_4532.png,stimulus_32563.png,0.652254,3.0,21.0,122.0,different,last
366,stimulus_32377.png,stimulus_37977.png,0.7961963,21.0,24.0,126.0,different,last
367,stimulus_35081.png,stimulus_40937.png,0.97133976,22.0,26.0,96.0,different,last
368,stimulus_15252.png,stimulus_40651.png,0.92627376,10.0,26.0,28.0,different,last
369,stimulus_41583.png,stimulus_49634.png,0.6290177,26.0,32.0,223.0,different,last
370,stimulus_10496.png,stimulus_22144.png,0.8875028,7.0,14.0,63.0,different,last
371,stimulus_30409.png,stimulus_48200.png,0.8430954,20.0,31.0,32.0,different,last
372,stimulus_10496.png,stimulus_32114.png,0.67650056,7.0,21.0,129.0,different,last
373,stimulus_441.png,stimulus_45079.png,0.5086272,1.0,29.0,26.0,different,last
374,stimulus_24699.png,stimulus_35081.png,0.96489424,16.0,22.0,130.0,different,last
375,stimulus_4350.png,stimulus_26367.png,0.72272164,3.0,17.0,62.0,different,last
376,stimulus_10777.png,stimulus_16640.png,0.94510704,7.0,11.0,68.0,different,last
377,stimulus_16028.png,stimulus_46475.png,0.84108204,11.0,30.0,0.0,different,last
378,stimulus_12795.png,stimulus_12964.png,0.7416543,8.0,9.0,227.0,different,last
379,stimulus_2313.png,stimulus_23659.png,0.60502917,2.0,15.0,84.0,different,last
380,stimulus_6931.png,stimulus_11860.png,0.8856634,5.0,8.0,36.0,different,last
381,stimulus_32001.png,stimulus_43337.png,0.9342248,21.0,28.0,0.0,different,last
382,stimulus_3438.png,stimulus_43021.png,0.62624633,3.0,27.0,190.0,different,last
383,stimulus_13587.png,stimulus_31079.png,0.9476046,9.0,20.0,5.0,different,last
384,stimulus_18474.png,stimulus_42058.png,0.8842291,12.0,27.0,63.0,different,last
385,stimulus_8232.png,stimulus_37260.png,0.8532964,6.0,24.0,29.0,different,last
386,stimulus_37841.png,stimulus_37977.png,0.9743693,24.0,24.0,3.0,same,last
387,stimulus_16652.png,stimulus_28523.png,0.9133729,11.0,18.0,93.0,different,last
388,stimulus_28572.png,stimulus_35812.png,0.93656075,18.0,23.0,102.0,different,last
389,stimulus_18092.png,stimulus_41076.png,0.92397714,12.0,26.0,95.0,different,last
390,stimulus_24020.png,stimulus_46923.png,0.85895246,16.0,30.0,63.0,different,last
391,stimulus_5580.png,stimulus_32545.png,0.72556496,4.0,21.0,26.0,different,last
392,stimulus_22785.png,stimulus_23255.png,0.8727795,15.0,15.0,94.0,same,last
393,stimulus_4561.png,stimulus_36218.png,0.64308983,3.0,23.0,23.0,different,last
394,stimulus_4394.png,stimulus_19773.png,0.8253462,3.0,13.0,97.0,different,last
395,stimulus_17274.png,stimulus_21344.png,0.94892913,11.0,14.0,127.0,different,last
396,stimulus_11790.png,stimulus_33275.png,0.82912385,8.0,21.0,126.0,different,last
397,stimulus_41427.png,stimulus_43719.png,0.85027283,26.0,28.0,164.0,different,last
398,stimulus_20272.png,stimulus_42659.png,0.9574859,13.0,27.0,1.0,different,last
399,stimulus_31688.png,stimulus_48200.png,0.7841184,20.0,31.0,158.0,different,last
400,stimulus_499.png,stimulus_6015.png,0.6177884,1.0,4.0,128.0,different,last
401,stimulus_25240.png,stimulus_31086.png,0.9459415,16.0,20.0,97.0,different,last
402,stimulus_40651.png,stimulus_51081.png,0.928855,26.0,32.0,126.0,different,last
403,stimulus_24020.png,stimulus_26367.png,0.77086294,16.0,17.0,97.0,different,last
404,stimulus_4350.png,stimulus_26752.png,0.7385507,3.0,17.0,3.0,different,last
405,stimulus_32190.png,stimulus_45822.png,0.67508733,21.0,29.0,158.0,different,last
406,stimulus_506.png,stimulus_12582.png,0.5466241,1.0,8.0,135.0,different,last
407,stimulus_6193.png,stimulus_49620.png,0.5410966,4.0,32.0,185.0,different,last
408,stimulus_43655.png,stimulus_50730.png,0.9132712,28.0,32.0,96.0,different,last
409,stimulus_31138.png,stimulus_35857.png,0.98447067,20.0,23.0,3.0,different,last
410,stimulus_7646.png,stimulus_28253.png,0.85475874,5.0,18.0,25.0,different,last
411,stimulus_11195.png,stimulus_40937.png,0.84476894,7.0,26.0,97.0,different,last
412,stimulus_32563.png,stimulus_37841.png,0.9263303,21.0,24.0,98.0,different,last
413,stimulus_8915.png,stimulus_18711.png,0.87119377,6.0,12.0,37.0,different,last
414,stimulus_9679.png,stimulus_14250.png,0.78744185,7.0,9.0,218.0,different,last
415,stimulus_1598.png,stimulus_2729.png,0.83988214,1.0,2.0,75.0,different,last
416,stimulus_18982.png,stimulus_25691.png,0.602071,12.0,17.0,186.0,different,last
417,stimulus_9652.png,stimulus_17274.png,0.77649915,7.0,11.0,188.0,different,last
418,stimulus_45822.png,stimulus_50043.png,0.880226,29.0,32.0,95.0,different,last
419,stimulus_4948.png,stimulus_37148.png,0.79641896,4.0,24.0,32.0,different,last
420,stimulus_10480.png,stimulus_41076.png,0.8876404,7.0,26.0,31.0,different,last
421,stimulus_25419.png,stimulus_45577.png,0.9004224,16.0,29.0,128.0,different,last
422,stimulus_5833.png,stimulus_43719.png,0.744061,4.0,28.0,94.0,different,last
423,stimulus_10763.png,stimulus_24660.png,0.93209946,7.0,16.0,63.0,different,last
424,stimulus_7654.png,stimulus_15653.png,0.8716265,5.0,10.0,1.0,different,last
425,stimulus_4678.png,stimulus_20937.png,0.6575412,3.0,14.0,220.0,different,last
426,stimulus_13110.png,stimulus_35294.png,0.7920415,9.0,23.0,33.0,different,last
427,stimulus_506.png,stimulus_43021.png,0.3683714,1.0,27.0,165.0,different,last
428,stimulus_41469.png,stimulus_46060.png,0.97813654,26.0,29.0,34.0,different,last
429,stimulus_17816.png,stimulus_48552.png,0.87565637,12.0,31.0,34.0,different,last
430,stimulus_30809.png,stimulus_48203.png,0.87458783,20.0,31.0,32.0,different,last
431,stimulus_3693.png,stimulus_31442.png,0.6802197,3.0,20.0,88.0,different,last
432,stimulus_4092.png,stimulus_20431.png,0.6723989,3.0,13.0,70.0,different,last
433,stimulus_20937.png,stimulus_47963.png,0.67319757,14.0,30.0,226.0,different,last
434,stimulus_1915.png,stimulus_18341.png,0.73195785,2.0,12.0,61.0,different,last
435,stimulus_5823.png,stimulus_32028.png,0.54632574,4.0,21.0,157.0,different,last
436,stimulus_18175.png,stimulus_31079.png,0.9643399,12.0,20.0,32.0,different,last
437,stimulus_5408.png,stimulus_12291.png,0.85592824,4.0,8.0,62.0,different,last
438,stimulus_20292.png,stimulus_44982.png,0.6787323,13.0,29.0,160.0,different,last
439,stimulus_15812.png,stimulus_30556.png,0.61384493,10.0,20.0,225.0,different,last
440,stimulus_20894.png,stimulus_45706.png,0.69771445,14.0,29.0,126.0,different,last
441,stimulus_5945.png,stimulus_7153.png,0.8683521,4.0,5.0,66.0,different,last
442,stimulus_5567.png,stimulus_8281.png,0.9351099,4.0,6.0,64.0,different,last
443,stimulus_16379.png,stimulus_19952.png,0.952633,11.0,13.0,60.0,different,last
444,stimulus_6559.png,stimulus_30092.png,0.7511272,5.0,19.0,193.0,different,last
445,stimulus_6750.png,stimulus_26752.png,0.7869407,5.0,17.0,130.0,different,last
446,stimulus_14165.png,stimulus_28942.png,0.6899388,9.0,19.0,189.0,different,last
447,stimulus_32114.png,stimulus_36099.png,0.72166806,21.0,23.0,127.0,different,last
448,stimulus_20720.png,stimulus_44717.png,0.91975504,13.0,28.0,1.0,different,last
449,stimulus_37841.png,stimulus_50730.png,0.975959,24.0,32.0,2.0,different,last
450,stimulus_15653.png,stimulus_45852.png,0.9163819,10.0,29.0,36.0,different,last
451,stimulus_11860.png,stimulus_49023.png,0.8859647,8.0,31.0,63.0,different,last
452,stimulus_1759.png,stimulus_48536.png,0.64119977,2.0,31.0,61.0,different,last
453,stimulus_11447.png,stimulus_45852.png,0.765411,8.0,29.0,127.0,different,last
454,stimulus_30557.png,stimulus_34921.png,0.569932,20.0,22.0,192.0,different,last
455,stimulus_12170.png,stimulus_34052.png,0.8778062,8.0,22.0,63.0,different,last
456,stimulus_25412.png,stimulus_26405.png,0.97050774,16.0,17.0,96.0,different,last
457,stimulus_10234.png,stimulus_32114.png,0.6885135,7.0,21.0,93.0,different,last
458,stimulus_21413.png,stimulus_45061.png,0.7869343,14.0,29.0,62.0,different,last
459,stimulus_26558.png,stimulus_49861.png,0.81755507,17.0,32.0,95.0,different,last
460,stimulus_42860.png,stimulus_43021.png,0.93311495,27.0,27.0,31.0,same,last
461,stimulus_11267.png,stimulus_44447.png,0.74284565,8.0,28.0,189.0,different,last
462,stimulus_31951.png,stimulus_47480.png,0.9373555,20.0,30.0,61.0,different,last
463,stimulus_17277.png,stimulus_20431.png,0.9584661,11.0,13.0,1.0,different,last
464,stimulus_3151.png,stimulus_40903.png,0.5987186,2.0,26.0,94.0,different,last
465,stimulus_16830.png,stimulus_42468.png,0.9158429,11.0,27.0,0.0,different,last
466,stimulus_1353.png,stimulus_27622.png,0.42555586,1.0,18.0,115.0,different,last
467,stimulus_38155.png,stimulus_39419.png,0.98486006,24.0,25.0,33.0,different,last
468,stimulus_28523.png,stimulus_40073.png,0.597336,18.0,26.0,190.0,different,last
469,stimulus_21804.png,stimulus_43117.png,0.9516239,14.0,27.0,66.0,different,last
470,stimulus_31208.png,stimulus_40903.png,0.96076506,20.0,26.0,3.0,different,last
471,stimulus_24549.png,stimulus_48675.png,0.94917333,16.0,31.0,33.0,different,last
472,stimulus_5486.png,stimulus_29071.png,0.79050916,4.0,19.0,61.0,different,last
473,stimulus_16387.png,stimulus_23162.png,0.94268966,11.0,15.0,65.0,different,last
474,stimulus_3128.png,stimulus_39454.png,0.56928086,2.0,25.0,57.0,different,last
475,stimulus_21517.png,stimulus_23659.png,0.9542156,14.0,15.0,91.0,different,last
476,stimulus_644.png,stimulus_30809.png,0.5684423,1.0,20.0,25.0,different,last
477,stimulus_2867.png,stimulus_28572.png,0.4821854,2.0,18.0,19.0,different,last
478,stimulus_17659.png,stimulus_49111.png,0.6389423,12.0,31.0,161.0,different,last
479,stimulus_1661.png,stimulus_4302.png,0.8055656,2.0,3.0,168.0,different,last
480,stimulus_48669.png,stimulus_48785.png,0.98322165,31.0,31.0,0.0,same,last
481,stimulus_16387.png,stimulus_37148.png,0.908286,11.0,24.0,3.0,different,last
482,stimulus_1353.png,stimulus_12291.png,0.46067017,1.0,8.0,15.0,different,last
483,stimulus_1759.png,stimulus_39625.png,0.57972157,2.0,25.0,186.0,different,last
484,stimulus_27366.png,stimulus_40877.png,0.6533413,18.0,26.0,127.0,different,last
485,stimulus_17277.png,stimulus_21845.png,0.94157404,11.0,14.0,32.0,different,last
486,stimulus_28392.png,stimulus_40073.png,0.6197995,18.0,26.0,162.0,different,last
487,stimulus_2681.png,stimulus_37327.png,0.55920076,2.0,24.0,94.0,different,last
488,stimulus_22531.png,stimulus_40030.png,0.9142444,15.0,26.0,1.0,different,last
489,stimulus_24699.png,stimulus_43343.png,0.6895036,16.0,28.0,95.0,different,last
490,stimulus_21344.png,stimulus_44134.png,0.9448668,14.0,28.0,65.0,different,last
491,stimulus_1915.png,stimulus_32545.png,0.68214685,2.0,21.0,30.0,different,last
492,stimulus_39662.png,stimulus_49634.png,0.6306466,25.0,32.0,197.0,different,last
493,stimulus_14108.png,stimulus_34906.png,0.9038133,9.0,22.0,2.0,different,last
494,stimulus_2681.png,stimulus_34186.png,0.55949974,2.0,22.0,93.0,different,last
495,stimulus_16640.png,stimulus_27021.png,0.94331473,11.0,17.0,128.0,different,last
496,stimulus_18781.png,stimulus_32028.png,0.6554144,12.0,21.0,164.0,different,last
497,stimulus_12547.png,stimulus_25702.png,0.6381208,8.0,17.0,193.0,different,last
498,stimulus_2394.png,stimulus_24549.png,0.5978832,2.0,16.0,34.0,different,last
499,stimulus_7153.png,stimulus_14941.png,0.8407771,5.0,10.0,34.0,different,last
500,stimulus_41100.png,stimulus_42884.png,0.9864621,26.0,27.0,25.0,different,last
501,stimulus_5968.png,stimulus_9295.png,0.95917445,4.0,6.0,39.0,different,last
502,stimulus_21804.png,stimulus_39525.png,0.9632552,14.0,25.0,4.0,different,last
503,stimulus_17093.png,stimulus_47993.png,0.86623234,11.0,30.0,64.0,different,last
504,stimulus_10480.png,stimulus_25702.png,0.68939275,7.0,17.0,128.0,different,last
505,stimulus_3966.png,stimulus_44982.png,0.51075965,3.0,29.0,95.0,different,last
506,stimulus_8915.png,stimulus_42030.png,0.7557582,6.0,27.0,59.0,different,last
507,stimulus_15323.png,stimulus_44447.png,0.8998968,10.0,28.0,62.0,different,last
508,stimulus_4948.png,stimulus_5945.png,0.752258,4.0,4.0,163.0,same,last
509,stimulus_42015.png,stimulus_43655.png,0.9653692,27.0,28.0,1.0,different,last
510,stimulus_3693.png,stimulus_36713.png,0.65800726,3.0,23.0,153.0,different,last
511,stimulus_28942.png,stimulus_50823.png,0.6239286,19.0,32.0,195.0,different,last
512,stimulus_20556.png,stimulus_42858.png,0.9149909,13.0,27.0,1.0,different,last
513,stimulus_24650.png,stimulus_50625.png,0.94040006,16.0,32.0,61.0,different,last
514,stimulus_32190.png,stimulus_50189.png,0.85222864,21.0,32.0,65.0,different,last
515,stimulus_5833.png,stimulus_39195.png,0.7935476,4.0,25.0,62.0,different,last
516,stimulus_5486.png,stimulus_7300.png,0.9618757,4.0,5.0,32.0,different,last
517,stimulus_38262.png,stimulus_41155.png,0.9543691,24.0,26.0,59.0,different,last
518,stimulus_6750.png,stimulus_43332.png,0.700807,5.0,28.0,33.0,different,last
519,stimulus_35732.png,stimulus_45577.png,0.9790702,23.0,29.0,32.0,different,last
520,stimulus_25575.png,stimulus_30539.png,0.604054,16.0,20.0,227.0,different,last
521,stimulus_6750.png,stimulus_17659.png,0.80049145,5.0,12.0,34.0,different,last
522,stimulus_11195.png,stimulus_23576.png,0.940711,7.0,15.0,67.0,different,last
523,stimulus_32377.png,stimulus_40877.png,0.7813914,21.0,26.0,95.0,different,last
524,stimulus_33275.png,stimulus_37161.png,0.8032404,21.0,24.0,157.0,different,last
525,stimulus_33890.png,stimulus_49097.png,0.7929733,22.0,31.0,128.0,different,last
526,stimulus_14568.png,stimulus_45061.png,0.85862684,10.0,29.0,32.0,different,last
527,stimulus_31442.png,stimulus_45852.png,0.9750284,20.0,29.0,0.0,different,last
528,stimulus_46755.png,stimulus_49111.png,0.8239906,30.0,31.0,128.0,different,last
529,stimulus_16175.png,stimulus_39446.png,0.65893435,11.0,25.0,162.0,different,last
530,stimulus_39454.png,stimulus_47446.png,0.977959,25.0,30.0,6.0,different,last
531,stimulus_22144.png,stimulus_32377.png,0.78562045,14.0,21.0,160.0,different,last
532,stimulus_9652.png,stimulus_36391.png,0.7126144,7.0,23.0,157.0,different,last
533,stimulus_24709.png,stimulus_42843.png,0.9474528,16.0,27.0,97.0,different,last
534,stimulus_32848.png,stimulus_37977.png,0.97329754,21.0,24.0,29.0,different,last
535,stimulus_18314.png,stimulus_45706.png,0.91977894,12.0,29.0,32.0,different,last
536,stimulus_15748.png,stimulus_34921.png,0.9121761,10.0,22.0,1.0,different,last
537,stimulus_6609.png,stimulus_50136.png,0.7487435,5.0,32.0,29.0,different,last
538,stimulus_4992.png,stimulus_5968.png,0.78498787,4.0,4.0,165.0,same,last
539,stimulus_11447.png,stimulus_40937.png,0.79529977,8.0,26.0,98.0,different,last
540,stimulus_20431.png,stimulus_22522.png,0.6245522,13.0,15.0,193.0,different,last
541,stimulus_32476.png,stimulus_45712.png,0.9107472,21.0,29.0,65.0,different,last
542,stimulus_2867.png,stimulus_49861.png,0.4320901,2.0,32.0,146.0,different,last
543,stimulus_581.png,stimulus_3231.png,0.7000742,1.0,3.0,57.0,different,last
544,stimulus_7654.png,stimulus_12049.png,0.9011975,5.0,8.0,62.0,different,last
545,stimulus_26012.png,stimulus_28572.png,0.938836,17.0,18.0,133.0,different,last
546,stimulus_9679.png,stimulus_29206.png,0.8122732,7.0,19.0,66.0,different,last
547,stimulus_39395.png,stimulus_50783.png,0.9739084,25.0,32.0,32.0,different,last
548,stimulus_17641.png,stimulus_36038.png,0.7207041,12.0,23.0,129.0,different,last
549,stimulus_8127.png,stimulus_13168.png,0.9102646,6.0,9.0,33.0,different,last
550,stimulus_1050.png,stimulus_14941.png,0.557916,1.0,10.0,100.0,different,last
551,stimulus_8041.png,stimulus_14165.png,0.74774873,6.0,9.0,188.0,different,last
552,stimulus_18474.png,stimulus_20556.png,0.9728921,12.0,13.0,63.0,different,last
553,stimulus_14165.png,stimulus_39940.png,0.87520134,9.0,25.0,36.0,different,last
554,stimulus_30092.png,stimulus_45061.png,0.76769835,19.0,29.0,160.0,different,last
555,stimulus_44717.png,stimulus_45165.png,0.68926144,28.0,29.0,195.0,different,last
556,stimulus_6025.png,stimulus_8609.png,0.9125712,4.0,6.0,99.0,different,last
557,stimulus_34833.png,stimulus_47840.png,0.97313815,22.0,30.0,29.0,different,last
558,stimulus_13993.png,stimulus_26367.png,0.90397465,9.0,17.0,61.0,different,last
559,stimulus_5823.png,stimulus_18822.png,0.7861762,4.0,12.0,33.0,different,last
560,stimulus_13849.png,stimulus_45332.png,0.85011035,9.0,29.0,96.0,different,last
561,stimulus_29071.png,stimulus_41216.png,0.8703917,19.0,26.0,160.0,different,last
562,stimulus_11680.png,stimulus_40074.png,0.7336128,8.0,26.0,62.0,different,last
563,stimulus_20317.png,stimulus_23565.png,0.96116227,13.0,15.0,0.0,different,last
564,stimulus_1915.png,stimulus_37327.png,0.6864129,2.0,24.0,30.0,different,last
565,stimulus_45947.png,stimulus_50189.png,0.8996687,29.0,32.0,93.0,different,last
566,stimulus_9295.png,stimulus_16379.png,0.8806067,6.0,11.0,168.0,different,last
567,stimulus_12639.png,stimulus_34921.png,0.8673488,8.0,22.0,30.0,different,last
568,stimulus_7153.png,stimulus_12795.png,0.89806134,5.0,8.0,130.0,different,last
569,stimulus_29473.png,stimulus_35081.png,0.9605826,19.0,22.0,130.0,different,last
570,stimulus_30041.png,stimulus_37161.png,0.8195022,19.0,24.0,157.0,different,last
571,stimulus_17666.png,stimulus_21042.png,0.89220005,12.0,14.0,30.0,different,last
572,stimulus_30557.png,stimulus_32476.png,0.7708466,20.0,21.0,65.0,different,last
573,stimulus_42781.png,stimulus_47715.png,0.9828032,27.0,30.0,30.0,different,last
574,stimulus_31121.png,stimulus_32545.png,0.9409255,20.0,21.0,31.0,different,last
575,stimulus_8442.png,stimulus_49634.png,0.6809557,6.0,32.0,64.0,different,last
576,stimulus_29677.png,stimulus_49023.png,0.9497042,19.0,31.0,29.0,different,last
577,stimulus_4302.png,stimulus_6540.png,0.7513367,3.0,5.0,169.0,different,last
578,stimulus_17277.png,stimulus_39525.png,0.9237658,11.0,25.0,30.0,different,last
579,stimulus_12291.png,stimulus_30041.png,0.935518,8.0,19.0,26.0,different,last
580,stimulus_16652.png,stimulus_22858.png,0.9712161,11.0,15.0,36.0,different,last
581,stimulus_9913.png,stimulus_28810.png,0.788031,7.0,19.0,33.0,different,last
582,stimulus_4092.png,stimulus_35732.png,0.64376915,3.0,23.0,58.0,different,last
583,stimulus_39625.png,stimulus_40074.png,0.6229366,25.0,26.0,190.0,different,last
584,stimulus_11790.png,stimulus_28392.png,0.8867849,8.0,18.0,99.0,different,last
585,stimulus_487.png,stimulus_29181.png,0.5350726,1.0,19.0,33.0,different,last
586,stimulus_16640.png,stimulus_29677.png,0.92348564,11.0,19.0,34.0,different,last
587,stimulus_32261.png,stimulus_45079.png,0.9770246,21.0,29.0,0.0,different,last
588,stimulus_31600.png,stimulus_49620.png,0.6219872,20.0,32.0,190.0,different,last
589,stimulus_37265.png,stimulus_39579.png,0.8985616,24.0,25.0,96.0,different,last
590,stimulus_30031.png,stimulus_43337.png,0.615934,19.0,28.0,191.0,different,last
591,stimulus_65.png,stimulus_4085.png,0.7721319,1.0,3.0,131.0,different,last
592,stimulus_26672.png,stimulus_27403.png,0.8728733,17.0,18.0,128.0,different,last
593,stimulus_19902.png,stimulus_43719.png,0.89162695,13.0,28.0,34.0,different,last
594,stimulus_4678.png,stimulus_17277.png,0.77680105,3.0,11.0,29.0,different,last
595,stimulus_4992.png,stimulus_34833.png,0.6501907,4.0,22.0,196.0,different,last
596,stimulus_4092.png,stimulus_18474.png,0.7043119,3.0,12.0,8.0,different,last
597,stimulus_17075.png,stimulus_39525.png,0.91489375,11.0,25.0,5.0,different,last
598,stimulus_1183.png,stimulus_7300.png,0.6897938,1.0,5.0,40.0,different,last
599,stimulus_5486.png,stimulus_35081.png,0.7460073,4.0,22.0,133.0,different,last
600,stimulus_34906.png,stimulus_39147.png,0.96053433,22.0,25.0,96.0,different,last
601,stimulus_1759.png,stimulus_23162.png,0.71988946,2.0,15.0,91.0,different,last
602,stimulus_13889.png,stimulus_17093.png,0.93882316,9.0,11.0,1.0,different,last
603,stimulus_3693.png,stimulus_28523.png,0.6886567,3.0,18.0,120.0,different,last
604,stimulus_3128.png,stimulus_5095.png,0.83973724,2.0,4.0,187.0,different,last
605,stimulus_4394.png,stimulus_29006.png,0.7224674,3.0,19.0,128.0,different,last
606,stimulus_9983.png,stimulus_47963.png,0.8018961,7.0,30.0,192.0,different,last
607,stimulus_1292.png,stimulus_6025.png,0.7277002,1.0,4.0,0.0,different,last
608,stimulus_14246.png,stimulus_24020.png,0.70223904,9.0,16.0,219.0,different,last
609,stimulus_1915.png,stimulus_7492.png,0.7830957,2.0,5.0,126.0,different,last
610,stimulus_31600.png,stimulus_45706.png,0.94739914,20.0,29.0,63.0,different,last
611,stimulus_16028.png,stimulus_19341.png,0.91835594,11.0,13.0,1.0,different,last
612,stimulus_5833.png,stimulus_42781.png,0.733158,4.0,27.0,2.0,different,last
613,stimulus_4561.png,stimulus_7409.png,0.90698296,3.0,5.0,24.0,different,last
614,stimulus_36338.png,stimulus_39147.png,0.94599956,23.0,25.0,65.0,different,last
615,stimulus_17950.png,stimulus_47182.png,0.8842553,12.0,30.0,66.0,different,last
616,stimulus_11422.png,stimulus_35976.png,0.8809276,8.0,23.0,63.0,different,last
617,stimulus_13965.png,stimulus_36713.png,0.91661954,9.0,23.0,67.0,different,last
618,stimulus_8442.png,stimulus_14165.png,0.91455805,6.0,9.0,124.0,different,last
619,stimulus_9544.png,stimulus_41352.png,0.8518435,6.0,26.0,25.0,different,last
620,stimulus_14415.png,stimulus_22531.png,0.9273943,10.0,15.0,0.0,different,last
621,stimulus_2590.png,stimulus_15897.png,0.5865326,2.0,10.0,88.0,different,last
622,stimulus_9544.png,stimulus_43594.png,0.74281764,6.0,28.0,183.0,different,last
623,stimulus_17075.png,stimulus_46475.png,0.65363026,11.0,30.0,156.0,different,last
624,stimulus_6688.png,stimulus_8609.png,0.93225074,5.0,6.0,64.0,different,last
625,stimulus_10723.png,stimulus_36895.png,0.5773392,7.0,24.0,164.0,different,last
626,stimulus_28093.png,stimulus_43594.png,0.7874212,18.0,28.0,95.0,different,last
627,stimulus_27093.png,stimulus_27795.png,0.9154117,17.0,18.0,162.0,different,last
628,stimulus_6057.png,stimulus_21988.png,0.77935475,4.0,14.0,35.0,different,last
629,stimulus_45852.png,stimulus_46108.png,0.98066604,29.0,29.0,36.0,same,last
630,stimulus_4678.png,stimulus_4929.png,0.7442312,3.0,4.0,219.0,different,last
631,stimulus_7280.png,stimulus_18822.png,0.8592361,5.0,12.0,59.0,different,last
632,stimulus_10053.png,stimulus_28810.png,0.7309066,7.0,19.0,63.0,different,last
633,stimulus_1915.png,stimulus_34413.png,0.62994033,2.0,22.0,94.0,different,last
634,stimulus_13096.png,stimulus_39395.png,0.8304728,9.0,25.0,99.0,different,last
635,stimulus_26875.png,stimulus_32550.png,0.9241414,17.0,21.0,130.0,different,last
636,stimulus_8121.png,stimulus_39454.png,0.6755351,6.0,25.0,163.0,different,last
637,stimulus_13727.png,stimulus_29206.png,0.9321625,9.0,19.0,66.0,different,last
638,stimulus_12795.png,stimulus_36038.png,0.8958013,8.0,23.0,99.0,different,last
639,stimulus_46860.png,stimulus_50787.png,0.9519923,30.0,32.0,95.0,different,last
